AnimalID,LabID,Location,Broad,Sex,Use,Comments,Haplotype
104035,104035,CNMI - Guam,CNMI,M,TRUE,,32
104066,104066,CNMI - Saipan,CNMI,F,TRUE,Lhos hap,Lh1
104067,104067,CNMI - Saipan,CNMI,M,TRUE,,34
104070,104070,CNMI - Tinian,CNMI,M,TRUE,,32
108171,108171,CNMI - Rota,CNMI,U,TRUE,,32
108172,108172,CNMI - Rota,CNMI,M,TRUE,,32
108183,108183,CNMI - Aguijan,CNMI,M,TRUE,Hap matches Channel Islands,39
108207,108207,CNMI - Guam,CNMI,F,TRUE,Lhos hap; dupe of 159775,Lh1
108208,108208,CNMI - Guam,CNMI,F,TRUE,Lhos hap,Lh1
116858,116858,CNMI - Rota,CNMI,F,TRUE,,32
116866,116866,CNMI - Saipan,CNMI,M,TRUE,,32
116867,116867,CNMI - Saipan,CNMI,M,TRUE,Lhos hap,Lh1
116868,116868,CNMI - Saipan,CNMI,M,TRUE,Lhos hap,Lh1
116869,116869,CNMI - Saipan,CNMI,M,TRUE,Dupe of 175296,32
116881,116881,CNMI - Saipan,CNMI,M,TRUE,,33
143738,143738,CNMI - Tinian,CNMI,F,TRUE,,40
143752,143752,CNMI - Rota,CNMI,M,TRUE,,32
159727,159727,CNMI - Guguan,CNMI,M,TRUE,,32
159745,159745,CNMI - Agrihan,CNMI,F,TRUE,Lhos hap,Lh11
159770,159770,CNMI - Rota,CNMI,M,TRUE,Lhos hap,Lh1
159771,159771,CNMI - Rota,CNMI,F,TRUE,Lhos hap,Lh1
159772,159772,CNMI - Rota,CNMI,M,TRUE,,32
159773,159773,CNMI - Rota,CNMI,M,TRUE,Lhos hap,Lh1
159774,159774,CNMI - Rota,CNMI,F,TRUE,Lhos hap,Lh1
108207,159775,CNMI - Rota,CNMI,F,FALSE,Lhos hap; dupe of 108207,Lh1
159776,159776,CNMI - Rota,CNMI,M,TRUE,Lhos hap,Lh1
159777,159777,CNMI - Rota,CNMI,F,TRUE,Lhos hap,Lh1
159778,159778,CNMI - Rota,CNMI,M,TRUE,,32
159780,159780,CNMI - Rota,CNMI,M,TRUE,Lhos hap,Lh1
159781,159781,CNMI - Rota,CNMI,M,TRUE,Lhos hap,Lh1
175294,175294,CNMI - Saipan,CNMI,F,TRUE,,32
116869,175296,CNMI - Saipan,CNMI,M,FALSE,Dupe of 116869,32
185379,185379,CNMI - Saipan,CNMI,M,TRUE,,32
185380,185380,CNMI - Saipan,CNMI,F,TRUE,,9
185381,185381,CNMI - Saipan,CNMI,M,TRUE,,32
185382,185382,CNMI - Saipan,CNMI,F,TRUE,,32
197356,197356,CNMI - Saipan,CNMI,F,TRUE,,9
197366,197366,CNMI - Anatahan,NWPac,F,TRUE,,41
197367,197367,CNMI - Anatahan,NWPac,M,TRUE,,42
197368,197368,CNMI - Pagan,NWPac,M,TRUE,,43
197370,197370,CNMI - Pagan,CNMI,F,TRUE,,32
197396,197396,CNMI - Tinian,CNMI,M,TRUE,Dupe of 197397,9
197396,197397,CNMI - Tinian,CNMI,M,FALSE,Dupe of 197396,9
13843,13843,Korea,NWPac,M,TRUE,,8
18534,18534,MHI,HI,U,TRUE,,1
18535,18535,MHI,HI,U,TRUE,,1
18536,18536,MHI,HI,U,TRUE,,1
18950,18950,MHI,HI,U,TRUE,,1
18957,18957,MHI,HI,U,TRUE,,1
18961,18961,MHI,HI,U,TRUE,,1
27413,27413,MHI,HI,U,TRUE,,1
18957,27420,MHI,HI,U,FALSE,Dupe of 18957,1
27421,27421,MHI,HI,U,TRUE,,1
27424,27424,MHI,HI,U,TRUE,,1
27425,27425,MHI,HI,U,TRUE,,1
30484,30484,MHI,HI,U,TRUE,,1
33866,33866,MHI,HI,U,TRUE,,1
33867,33867,MHI,HI,U,TRUE,,1
33868,33868,MHI,HI,U,TRUE,,1
33874,33874,MHI,HI,U,TRUE,,1
33875,33875,MHI,HI,U,TRUE,,1
33877,33877,MHI,HI,U,TRUE,,1
33896,33896,MHI,HI,U,TRUE,Dupe of 33897,1
33896,33897,MHI,HI,U,FALSE,Dupe of 33896,1
33925,33925,MHI,HI,U,TRUE,,1
33951,33951,MHI,HI,U,TRUE,Dupe of 33974,1
33962,33962,MHI,HI,U,TRUE,,1
33963,33963,MHI,HI,U,TRUE,,1
33951,33974,MHI,HI,U,FALSE,Dupe of 33951,1
34029,34029,MHI,HI,U,TRUE,,1
34032,34032,MHI,HI,U,TRUE,,1
34033,34033,MHI,HI,U,TRUE,,1
51040,34034,MHI,HI,U,FALSE,,1
34036,34036,MHI,HI,U,TRUE,,1
45949,45949,MHI,HI,U,TRUE,,1
47073,47073,MHI,HI,U,TRUE,,1
47076,47076,MHI,HI,U,TRUE,,1
51040,51040,MHI,HI,F,TRUE,,1
51066,51066,MHI,HI,M,TRUE,,1
51070,51070,MHI,HI,F,TRUE,,1
51092,51092,MHI,HI,F,TRUE,,1
55249,55249,MHI,HI,M,TRUE,,1
55250,55250,MHI,HI,F,TRUE,,1
55249,55251,MHI,HI,M,FALSE,Duplicate of 55249-allelic dropout KWM12at,1
61428,61428,MHI,HI,M,TRUE,,1
61429,61429,MHI,HI,F,TRUE,,1
61430,61430,MHI,HI,F,TRUE,,1
71009,71009,MHI,HI,M,TRUE,,1
71013,71013,MHI,HI,M,TRUE,,1
71019,71019,MHI,HI,F,TRUE,,1
55250,78743,MHI,HI,F,FALSE,Duplicate of 55250-allelic dropout Ttr34,1
71009,78818,MHI,HI,M,FALSE,Duplicate of 71009-Identical,1
79982,79982,MHI,HI,M,TRUE,,1
92259,92259,MHI,HI,M,TRUE,,1
55250,104020,MHI,HI,F,FALSE,Duplicateof 55250-Identical,1
104021,104021,MHI,HI,M,TRUE,,1
104022,104022,MHI,HI,M,TRUE,,1
107857,107857,MHI,HI,M,TRUE,,1
107859,107859,MHI,HI,F,TRUE,,1
71013,113577,MHI,HI,M,FALSE,Duplicate of 71013,1
113578,113578,MHI,HI,M,TRUE,,1
113652,113652,MHI,HI,M,TRUE,,1
133153,133153,MHI,HI,M,TRUE,,1
133162,133162,MHI,HI,M,TRUE,,1
133163,133163,MHI,HI,F,TRUE,,1
133182,133182,MHI,HI,M,TRUE,,1
18949,18949,MHI,HI,U,TRUE,,2
18959,18959,MHI,HI,U,TRUE,,2
18960,18960,MHI,HI,U,TRUE,Dupe of 33788,2
23314,23314,MHI,HI,U,TRUE,,2
23315,23315,MHI,HI,U,TRUE,,2
23325,23325,MHI,HI,U,TRUE,,2
27422,27422,MHI,HI,U,TRUE,,2
27423,27423,MHI,HI,U,TRUE,,2
30498,30498,MHI,HI,U,TRUE,,2
33771,33771,MHI,HI,U,TRUE,,2
33779,33779,MHI,HI,U,TRUE,,2
33785,33785,MHI,HI,U,TRUE,,2
18960,33788,MHI,HI,U,FALSE,Dupe of 18960,2
33818,33818,MHI,HI,U,TRUE,,2
33846,33846,MHI,HI,U,TRUE,,2
33848,33848,MHI,HI,U,TRUE,,2
33921,33921,MHI,HI,U,TRUE,,2
133158,33942,MHI,HI,U,FALSE,Duplicate of 133158,2
33943,33943,MHI,HI,U,TRUE,,2
33944,33944,MHI,HI,U,TRUE,,2
33945,33945,MHI,HI,U,TRUE,Dupe of 33952,2
33946,33946,MHI,HI,U,TRUE,,2
33945,33952,MHI,HI,U,FALSE,Dupe of 33945,2
33973,33973,MHI,HI,U,TRUE,,2
34037,34037,MHI,HI,U,TRUE,,2
51021,51021,MHI,HI,M,TRUE,,2
51022,51022,MHI,HI,M,TRUE,,2
51071,51071,MHI,HI,F,TRUE,,2
133158,133158,MHI,HI,F,TRUE,,2
133183,133183,MHI,HI,M,TRUE,,2
18958,18958,MHI,HI,U,TRUE,,3
23326,23326,MHI,HI,U,TRUE,,3
33729,33729,MHI,HI,U,TRUE,,3
33780,33780,MHI,HI,U,TRUE,"Dupe of 33789, 33790",3
33780,33789,MHI,HI,U,FALSE,"Dupe of 33780, 33790",3
33780,33790,MHI,HI,U,FALSE,"Dupe of 33780, 33789",3
33978,33978,MHI,HI,U,TRUE,,3
34028,34028,MHI,HI,U,TRUE,,3
45977,45977,MHI,HI,U,TRUE,,3
47708,47708,MHI,HI,U,TRUE,,3
51067,51067,MHI,HI,F,TRUE,,3
51073,51073,MHI,HI,M,TRUE,,3
51075,51075,MHI,HI,M,TRUE,,3
75667,75667,MHI,HI,F,TRUE,,3
75667,78817,MHI,HI,F,FALSE,Duplicate of 75667-Identical,3
114562,114562,MHI,HI,F,TRUE,,3
27402,27402,MHI,HI,U,TRUE,,4
27403,27403,MHI,HI,U,TRUE,,4
27414,27414,MHI,HI,U,TRUE,,4
27448,27448,MHI,HI,U,TRUE,,4
27450,27450,MHI,HI,U,TRUE,,4
33865,33865,MHI,HI,U,TRUE,,4
33870,33870,MHI,HI,U,TRUE,,4
33873,33873,MHI,HI,U,TRUE,,4
33894,33894,MHI,HI,U,TRUE,,4
33900,33900,MHI,HI,U,TRUE,,4
33923,33923,MHI,HI,U,TRUE,,4
33953,33953,MHI,HI,U,TRUE,,4
33961,33961,MHI,HI,U,TRUE,,4
133159,33977,MHI,HI,U,FALSE,,4
51068,34027,MHI,HI,U,FALSE,,4
34030,34030,MHI,HI,U,TRUE,,4
34035,34035,MHI,HI,U,TRUE,,4
51087,34065,MHI,HI,U,FALSE,,4
34074,34074,MHI,HI,U,TRUE,,4
71010,45948,MHI,HI,U,FALSE,,4
47074,47074,MHI,HI,U,TRUE,,4
47305,47305,MHI,HI,U,TRUE,,4
47693,47693,MHI,HI,U,TRUE,,4
51018,51018,MHI,HI,F,TRUE,,4
51068,51068,MHI,HI,F,TRUE,,4
51069,51069,MHI,HI,M,TRUE,,4
51074,51074,MHI,HI,M,TRUE,,4
51087,51087,MHI,HI,M,TRUE,,4
53952,53952,MHI,HI,F,TRUE,,4
55204,55204,MHI,HI,M,TRUE,,4
55253,55253,MHI,HI,M,TRUE,,4
71010,71010,MHI,HI,F,TRUE,Duplicate of 45948,4
71011,71011,MHI,HI,M,TRUE,,4
78742,78742,MHI,HI,F,TRUE,,4
78758,78758,MHI,HI,M,TRUE,,4
79998,79998,MHI,HI,F,TRUE,,4
92257,92257,MHI,HI,M,TRUE,,4
103984,103984,MHI,HI,M,TRUE,,4
103985,103985,MHI,HI,F,TRUE,,4
103986,103986,MHI,HI,M,TRUE,,4
133152,133152,MHI,HI,M,TRUE,,4
133159,133159,MHI,HI,M,TRUE,Duplicate of 33977,4
133184,133184,MHI,HI,M,TRUE,,4
133193,133193,MHI,HI,F,TRUE,,4
27419,27419,MHI,HI,U,TRUE,,5
47075,47075,MHI,HI,U,TRUE,,5
47078,47078,MHI,HI,U,TRUE,,5
27446,27446,MHI,HI,U,TRUE,Dupe of 27451,6
27449,27449,MHI,HI,U,TRUE,,6
27446,27451,MHI,HI,U,FALSE,Dupe of 27446,6
33845,33845,MHI,HI,U,TRUE,,6
33847,33847,MHI,HI,U,TRUE,,6
35857,35857,MHI,HI,U,TRUE,,6
47702,47702,MHI,HI,U,TRUE,,6
51077,51077,MHI,HI,F,TRUE,,6
53946,53946,MHI,HI,F,TRUE,,6
61442,61442,MHI,HI,M,TRUE,,6
61443,61443,MHI,HI,F,TRUE,,6
78827,78827,MHI,HI,F,TRUE,,6
114559,114559,MHI,HI,M,TRUE,,6
133164,133164,MHI,HI,F,TRUE,,6
133165,133165,MHI,HI,M,TRUE,,6
133186,133186,MHI,HI,M,TRUE,,6
27447,27447,MHI,HI,U,TRUE,,7
71012,45947,MHI,HI,U,FALSE,,7
71012,71012,MHI,HI,M,TRUE,,7
34069,34069,MHI,HI,U,TRUE,,8
30495,30495,MHI,HI,U,TRUE,,9
30496,30496,MHI,HI,U,TRUE,Dupe of 30497,9
30496,30497,MHI,HI,U,FALSE,Dupe of 30496,9
55202,55202,MHI,HI,F,TRUE,,9
114560,114560,MHI,HI,F,TRUE,,9
30499,30499,MHI,HI,U,TRUE,,10
33773,33773,MHI,HI,U,TRUE,,11
33864,33864,MHI,HI,U,TRUE,,12
33869,33869,MHI,HI,U,TRUE,,12
33872,33872,MHI,HI,U,TRUE,Dupe of 35852,12
33954,33954,MHI,HI,U,TRUE,,12
33960,33960,MHI,HI,U,TRUE,,12
33967,33967,MHI,HI,U,TRUE,,12
51076,33975,MHI,HI,U,FALSE,,12
133167,33976,MHI,HI,U,FALSE,,12
51072,34022,MHI,HI,U,FALSE,,12
45924,45924,MHI,HI,U,TRUE,,12
51072,51072,MHI,HI,M,TRUE,,12
51076,51076,MHI,HI,F,TRUE,,12
78826,78826,MHI,HI,M,TRUE,,12
133167,133167,MHI,HI,M,TRUE,,12
133185,133185,MHI,HI,M,TRUE,,12
33871,33871,MHI,HI,U,TRUE,,13
33876,33876,MHI,HI,U,TRUE,,13
33922,33922,MHI,HI,U,TRUE,,13
33924,33924,MHI,HI,U,TRUE,,13
34070,34070,MHI,HI,U,TRUE,,13
55203,55203,MHI,HI,M,TRUE,,13
55205,55205,MHI,HI,M,TRUE,,13
55252,55252,MHI,HI,M,TRUE,,13
75651,75651,MHI,HI,M,TRUE,,13
88612,88612,MHI,HI,M,TRUE,,13
102482,102482,MHI,HI,F,TRUE,,13
102482,102499,MHI,HI,F,FALSE,Duplicate of 102482-Identical,13
114561,114561,MHI,HI,M,TRUE,,13
55252,123253,MHI,HI,M,FALSE,Duplicate of 55252-Identical,13
133166,133166,MHI,HI,F,TRUE,,13
133181,133181,MHI,HI,F,TRUE,,13
33947,33947,MHI,HI,U,TRUE,,14
33950,33950,MHI,HI,U,TRUE,,15
133157,33986,MHI,HI,U,FALSE,,16
133157,133157,MHI,HI,M,TRUE,,16
34019,34019,MHI,HI,U,TRUE,Dupe of 34031,17
34026,34026,MHI,HI,U,TRUE,,17
34019,34031,MHI,HI,U,FALSE,Dupe of 34019,17
51041,51041,MHI,HI,F,TRUE,,18
114563,34024,MHI,HI,U,FALSE,,19
34025,34025,MHI,HI,U,TRUE,,19
47055,47055,MHI,HI,U,TRUE,,19
114563,114563,MHI,HI,M,TRUE,,19
34066,34066,MHI,HI,U,TRUE,,20
75652,75652,MHI,HI,M,TRUE,,20
75653,75653,MHI,HI,F,TRUE,,20
51039,51039,MHI,HI,F,TRUE,,26
55189,55189,MHI,HI,M,TRUE,,27
55190,55190,MHI,HI,F,TRUE,,28
92252,92252,MHI,HI,F,TRUE,,31
30428,30428,NWHI,HI,U,TRUE,,1
102386,102386,NWHI,HI,M,TRUE,,1
102398,102398,NWHI,HI,M,TRUE,,1
102422,102422,NWHI,HI,M,TRUE,,1
114941,114941,NWHI,HI,M,TRUE,,1
123357,123357,NWHI,HI,M,TRUE,,1
30425,30425,NWHI,HI,U,TRUE,,2
102382,102382,NWHI,HI,M,TRUE,,2
102385,102385,NWHI,HI,F,TRUE,,2
102382,102393,NWHI,HI,M,FALSE,Duplicate of 102382-Identical,2
102400,102400,NWHI,HI,M,TRUE,,2
123373,123373,NWHI,HI,F,TRUE,,2
102387,102387,NWHI,HI,F,TRUE,,3
102390,102390,NWHI,HI,F,TRUE,,3
102391,102391,NWHI,HI,M,TRUE,,3
102403,102403,NWHI,HI,M,TRUE,,3
102405,102405,NWHI,HI,M,TRUE,,3
114944,114944,NWHI,HI,F,TRUE,,3
123359,123359,NWHI,HI,M,TRUE,,3
123364,123364,NWHI,HI,F,TRUE,,3
30427,30427,NWHI,HI,U,TRUE,,4
102424,102424,NWHI,HI,M,TRUE,,4
102428,102428,NWHI,HI,M,TRUE,,4
114943,114943,NWHI,HI,F,TRUE,,4
114962,114962,NWHI,HI,F,TRUE,,4
123366,123366,NWHI,HI,F,TRUE,,4
102389,102388,NWHI,HI,U,FALSE,Seq failed; duplicate of 102389,5
102389,102389,NWHI,HI,M,TRUE,,5
123376,123375,NWHI,HI,M,FALSE,Duplicate of 123375,5
123376,123376,NWHI,HI,M,TRUE,,5
102381,102381,NWHI,HI,M,TRUE,,6
102383,102383,NWHI,HI,F,TRUE,,6
102394,102394,NWHI,HI,F,TRUE,,6
102395,102395,NWHI,HI,M,TRUE,,6
102396,102396,NWHI,HI,M,TRUE,,6
102397,102397,NWHI,HI,F,TRUE,,6
102401,102401,NWHI,HI,F,TRUE,,6
102402,102402,NWHI,HI,F,TRUE,,6
102404,102404,NWHI,HI,F,TRUE,,6
102423,102423,NWHI,HI,F,TRUE,,6
114958,114958,NWHI,HI,F,TRUE,,6
123374,123374,NWHI,HI,F,TRUE,,6
123377,123377,NWHI,HI,F,TRUE,,6
123380,123380,NWHI,HI,M,TRUE,,6
30426,30426,NWHI,HI,U,TRUE,,8
102380,102380,NWHI,HI,F,TRUE,,12
102384,102384,NWHI,HI,F,TRUE,,12
102399,102399,NWHI,HI,F,TRUE,,12
102427,102427,NWHI,HI,M,TRUE,,12
123372,123372,NWHI,HI,F,TRUE,,13
102425,102425,NWHI,HI,M,TRUE,,19
102429,102426,NWHI,HI,M,FALSE,Duplicate of 102429-Identical,19
102429,102429,NWHI,HI,M,TRUE,,19
102429,102430,NWHI,HI,M,FALSE,Duplicate of 102429-Identical,19
114942,114942,NWHI,HI,M,TRUE,,19
114961,114961,NWHI,HI,M,TRUE,,26
123365,123365,NWHI,HI,M,TRUE,,26
102392,102392,NWHI,HI,M,TRUE,,37
102406,102406,NWHI,HI,F,TRUE,,38
67596,67596,Pelagic,NEPac,F,TRUE,,29
53753,53753,Pelagic,NEPac,F,TRUE,,30
2623,2623,Philippines,NWPac,M,TRUE,,32
5562,5562,Philippines,NWPac,F,TRUE,,34
9540,9540,TAIWAN,NWPac,U,TRUE,,9
9538,9538,TAIWAN,NWPac,F,TRUE,,13
9541,9541,TAIWAN,NWPac,F,TRUE,,35
9539,9539,TAIWAN,NWPac,F,TRUE,,36