Project_Type,Project_CruiseID,Platform,DateLocal,SightingNo,SpeciesCode,Species,CommonName,TimeBeginLocal,EEZ,Region,IslandLocation,Lat,Long,GsSpBest,GsSpHigh,GsSpLow,SpCalvesPresent,BiopsySamples,NumSamplesBiopsy,PhotosCollected,TotalNumPhotos,TagsDeployed,TagIDs,Permit
Ship line-transect,2015_MACS_SE1502,Ship,5/20/2015,11,18,Tursiops truncatus,Bottlenose dolphin,6:55,Guam/CNMI,Mariana Arc - north,Anatahan-offshore,16.4185,146.045,10,15,7,Yes,TRUE,1,FALSE,0,FALSE,n/a,PIFSC 15240
Ship line-transect,2015_MACS_SE1502,Ship,5/26/2015,27a,18,Tursiops truncatus,Bottlenose dolphin,9:56,Guam/CNMI,Mariana Arc - north,Agrihan,18.7393,145.6392,20,31,15,Unk,FALSE,0,TRUE,9,FALSE,n/a,PIFSC 15240
Ship line-transect,2015_MACS_SE1502,Ship,5/26/2015,28b,18,Tursiops truncatus,Bottlenose dolphin,16:47,Guam/CNMI,Mariana Arc - north,Agrihan,18.7832,145.6088,8,12,6,Unk,TRUE,1,TRUE,36,FALSE,n/a,PIFSC 15240
Ship line-transect,2018_MACS_SE1803,Ship,7/18/2018,025b,18,Tursiops truncatus,Bottlenose dolphin,7:05,Guam/CNMI,Mariana Trough,Mariana Trough,13.9207,143.1572,2,3,2,No,FALSE,0,TRUE,52,FALSE,n/a,PIFSC 20311
Ship line-transect,2018_MACS_SE1803,Ship,7/22/2018,39,18,Tursiops truncatus,Bottlenose dolphin,15:52,Guam/CNMI,West Mariana Ridge,West Mariana Ridge,16.5403,143.189,24,30,18,No,TRUE,2,TRUE,80,FALSE,n/a,PIFSC 20311
Ship line-transect,2021_MACS_SE2102,Ship,7/10/2021,73,18,Tursiops truncatus,Bottlenose dolphin,7:42,Guam/CNMI,Mariana Arc - south,Saipan,15.3297,145.7047,12,18,10,Yes,FALSE,0,FALSE,0,FALSE,n/a,PIFSC 20311
Small boat,2011_Marianas,Small boat,8/29/2011,2,18,Tursiops truncatus,Bottlenose dolphin,11:18,Guam/CNMI,Mariana Arc - south,Rota Bank,13.7996,144.9539,14,17,12,Yes,TRUE,1,TRUE,158,FALSE,n/a,SWFSC 14097
Small boat,2011_Marianas,Small boat,9/9/2011,2,18,Tursiops truncatus,Bottlenose dolphin,10:05,Guam/CNMI,Mariana Arc - south,Saipan,15.1351,145.7456,10,11,10,No,TRUE,2,TRUE,294,FALSE,n/a,SWFSC 14097
Small boat,2011_Marianas,Small boat,9/10/2011,3,18,Tursiops truncatus,Bottlenose dolphin,11:14,Guam/CNMI,Mariana Arc - south,Saipan,15.099,145.6365,10,11,9,No,TRUE,1,TRUE,222,FALSE,n/a,SWFSC 14097
Small boat,2012_Marianas,Small boat,5/29/2012,5,18,Tursiops truncatus,Bottlenose dolphin,10:23,Guam/CNMI,Mariana Arc - south,Rota  ,14.1621,145.1491,12,13,11,No,TRUE,2,TRUE,340,FALSE,n/a,PIFSC 15240
Small boat,2012_Marianas,Small boat,6/8/2012,14b,18,Tursiops truncatus,Bottlenose dolphin,13:08,Guam/CNMI,Mariana Arc - south,Aguijan,14.7785,145.5184,5,5,5,No,TRUE,1,TRUE,116,FALSE,n/a,PIFSC 15240
Small boat,2012_Marianas,Small boat,6/26/2012,27,18,Tursiops truncatus,Bottlenose dolphin,11:34,Guam/CNMI,Mariana Arc - south,Rota Bank,13.7958,144.9563,5,5,5,No,FALSE,0,TRUE,141,FALSE,n/a,PIFSC 15240
Small boat,2012_Marianas,Small boat,6/29/2012,30,18,Tursiops truncatus,Bottlenose dolphin,9:36,Guam/CNMI,Mariana Arc - south,Guam,13.441,144.6093,7,8,7,No,TRUE,2,TRUE,285,FALSE,n/a,PIFSC 15240
Small boat,2013_Marianas,Small boat,6/30/2013,6a,18,Tursiops truncatus,Bottlenose dolphin,6:13,Guam/CNMI,Mariana Arc - south,Guam,13.4823,144.6507,8,10,7,No,FALSE,0,TRUE,67,FALSE,n/a,PIFSC 15240
Small boat,2013_Marianas,Small boat,7/6/2013,14b,18,Tursiops truncatus,Bottlenose dolphin,6:05,Guam/CNMI,Mariana Arc - south,Rota  ,14.1405,145.126,2,4,2,No,FALSE,0,TRUE,3,FALSE,n/a,PIFSC 15240
Small boat,2013_Marianas,Small boat,7/9/2013,19,18,Tursiops truncatus,Bottlenose dolphin,6:28,Guam/CNMI,Mariana Arc - south,Rota  ,14.147,145.1375,12,15,10,No,TRUE,1,TRUE,805,FALSE,n/a,PIFSC 15240
Small boat,2013_Marianas,Small boat,7/10/2013,21,18,Tursiops truncatus,Bottlenose dolphin,10:47,Guam/CNMI,Mariana Arc - south,Rota  ,14.1976,145.2267,8,9,7,No,FALSE,0,TRUE,337,FALSE,n/a,PIFSC 15240
Small boat,2013_Marianas,Small boat,7/15/2013,29a,18,Tursiops truncatus,Bottlenose dolphin,10:21,Guam/CNMI,Mariana Arc - south,Aguijan,14.8576,145.5831,11,15,10,No,FALSE,0,TRUE,123,TRUE,SPOT5-128897,PIFSC 15240
Small boat,2013_Marianas,Small boat,7/17/2013,30,18,Tursiops truncatus,Bottlenose dolphin,12:29,Guam/CNMI,Mariana Arc - south,Saipan,15.2505,145.706,3,3,3,No,TRUE,1,TRUE,132,FALSE,n/a,PIFSC 15240
Small boat,2013_Marianas,Small boat,7/17/2013,31,18,Tursiops truncatus,Bottlenose dolphin,13:49,Guam/CNMI,Mariana Arc - south,Saipan,15.2041,145.6968,6,6,6,No,TRUE,3,TRUE,447,TRUE,SPOT5-128898,PIFSC 15240
Small boat,2013_Marianas,Small boat,7/23/2013,39,18,Tursiops truncatus,Bottlenose dolphin,12:32,Guam/CNMI,Mariana Arc - south,Saipan,15.2989,145.7068,5,5,5,No,TRUE,1,TRUE,200,FALSE,n/a,PIFSC 15240
Small boat,2014_Marianas_1winter,Small boat,4/16/2014,7a,18,Tursiops truncatus,Bottlenose dolphin,10:15,Guam/CNMI,Mariana Arc - south,Aguijan,14.8378,145.5424,16,20,14,No,FALSE,0,TRUE,703,FALSE,n/a,PIFSC 15240
Small boat,2014_Marianas_2summer,Small boat,5/21/2014,5b,18,Tursiops truncatus,Bottlenose dolphin,9:57,Guam/CNMI,Mariana Arc - south,Guam,13.6326,144.7348,4,4,4,No,FALSE,0,TRUE,83,FALSE,n/a,PIFSC 15240
Small boat,2014_Marianas_2summer,Small boat,6/12/2014,23b,18,Tursiops truncatus,Bottlenose dolphin,8:14,Guam/CNMI,Mariana Arc - south,Tinian,14.9908,145.5301,1,1,1,No,TRUE,1,TRUE,46,FALSE,n/a,PIFSC 15240
Small boat,2014_Marianas_2summer,Small boat,6/12/2014,23c,18,Tursiops truncatus,Bottlenose dolphin,12:28,Guam/CNMI,Mariana Arc - south,Tinian,15.1237,145.5593,16,21,15,No,FALSE,0,TRUE,524,TRUE,SPOT5-128912,PIFSC 15240
Small boat,2014_Marianas_2summer,Small boat,6/20/2014,36a,18,Tursiops truncatus,Bottlenose dolphin,7:05,Guam/CNMI,Mariana Arc - south,Rota  ,14.1922,145.2926,2,2,2,No,TRUE,1,TRUE,77,FALSE,n/a,PIFSC 15240
Small boat,2015_Marianas_1winter,Small boat,2/26/2015,4,18,Tursiops truncatus,Bottlenose dolphin,8:47,Guam/CNMI,Mariana Arc - south,Saipan,15.2175,145.6548,1,1,1,No,FALSE,0,FALSE,0,FALSE,n/a,PIFSC 15240
Small boat,2015_Marianas_2summer,Small boat,8/30/2015,12,18,Tursiops truncatus,Bottlenose dolphin,7:04,Guam/CNMI,Mariana Arc - south,Rota,14.0421,145.0697,27,39,20,Yes,TRUE,9,TRUE,818,FALSE,SPLASH10-141719; tag not functioning - no data received,PIFSC 15240
Small boat,2015_Marianas_2summer,Small boat,9/1/2015,16,18,Tursiops truncatus,Bottlenose dolphin,10:22,Guam/CNMI,Mariana Arc - south,Rota,14.1134,145.207,21,24,18,Yes,FALSE,0,TRUE,409,FALSE,n/a,PIFSC 15240
Small boat,2015_Marianas_2summer,Small boat,9/2/2015,18b,18,Tursiops truncatus,Bottlenose dolphin,9:10,Guam/CNMI,Mariana Arc - south,Rota,14.2383,145.1262,3,3,3,No,TRUE,1,TRUE,105,FALSE,n/a,PIFSC 15240
Small boat,2015_Marianas_2summer,Small boat,9/2/2015,19,18,Tursiops truncatus,Bottlenose dolphin,11:52,Guam/CNMI,Mariana Arc - south,Rota,14.1707,145.1591,14,17,14,No,TRUE,1,TRUE,524,TRUE,SPLASH10-141720,PIFSC 15240
Small boat,2016_Marianas_1winter,Small boat,3/4/2016,5,18,Tursiops truncatus,Bottlenose dolphin,11:42,Guam/CNMI,Mariana Arc - south,Saipan,15.236,145.6822,3,3,3,No,TRUE,1,TRUE,52,FALSE,n/a,PIFSC 15240
Small boat,2016_Marianas_1winter,Small boat,3/13/2016,15,18,Tursiops truncatus,Bottlenose dolphin,13:36,Guam/CNMI,Mariana Arc - south,CK Reef,15.1764,145.6237,10,11,10,No,FALSE,0,TRUE,12,FALSE,n/a,PIFSC 15240
Small boat,2016_Marianas_2summer,Small boat,5/11/2016,5,18,Tursiops truncatus,Bottlenose dolphin,8:07,Guam/CNMI,Mariana Arc - south,Saipan,15.3038,145.7274,7,9,5,No,TRUE,1,TRUE,162,FALSE,n/a,PIFSC 15240
Small boat,2016_Marianas_2summer,Small boat,5/29/2016,24b,18,Tursiops truncatus,Bottlenose dolphin,12:23,Guam/CNMI,Mariana Arc - south,Guam,13.6858,144.7788,4,6,4,No,FALSE,0,TRUE,15,FALSE,n/a,PIFSC 15240
Small boat,2016_Marianas_2summer,Small boat,6/5/2016,36b,18,Tursiops truncatus,Bottlenose dolphin,8:01,Guam/CNMI,Mariana Arc - south,Guam,13.517,144.7293,10,14,9,No,FALSE,0,TRUE,131,FALSE,n/a,PIFSC 15240
Small boat,2017_Marianas_1winter,Small boat,2/11/2017,3c,18,Tursiops truncatus,Bottlenose dolphin,12:24,Guam/CNMI,Mariana Arc - south,Marpi Reef,15.421,145.8729,8,8,8,No,FALSE,0,TRUE,94,FALSE,n/a,PIFSC 15240
Small boat,2017_Marianas_1winter,Small boat,2/11/2017,4,18,Tursiops truncatus,Bottlenose dolphin,16:50,Guam/CNMI,Mariana Arc - south,Saipan,15.3226,145.7718,2,2,2,No,FALSE,0,FALSE,0,FALSE,n/a,PIFSC 15240
Small boat,2017_Marianas_1winter,Small boat,2/12/2017,7,18,Tursiops truncatus,Bottlenose dolphin,11:04,Guam/CNMI,Mariana Arc - south,Saipan,15.2486,145.6844,4,4,4,No,FALSE,0,FALSE,0,FALSE,n/a,PIFSC 15240
Small boat,2017_Marianas_2summer,Small boat,5/25/2017,10,18,Tursiops truncatus,Bottlenose dolphin,6:47,Guam/CNMI,Mariana Arc - south,Saipan,15.2205,145.6427,6,6,6,No,TRUE,1,TRUE,123,TRUE,SPLASH10-169421,PIFSC 15240
Small boat,2017_Marianas_2summer,Small boat,5/25/2017,11,18,Tursiops truncatus,Bottlenose dolphin,8:42,Guam/CNMI,Mariana Arc - south,Saipan,15.2158,145.6041,5,5,5,No,TRUE,3,TRUE,306,TRUE,SPOT5-141698,PIFSC 15240
Small boat,2018_Marianas_1winter,Small boat,2/19/2018,05a,18,Tursiops truncatus,Bottlenose dolphin,12:04,Guam/CNMI,Mariana Arc - south,Marpi Reef,15.4137,145.8502,10,12,8,No,TRUE,1,TRUE,59,FALSE,n/a,PIFSC 20311
Ship line-transect,2018_MACS_SE1803,Small boat,7/23/2018,043b,18,Tursiops truncatus,Bottlenose dolphin,14:23,Guam/CNMI,Mariana Trough,Mariana Trough-central,18.1314,143.6503,5,5,5,No,TRUE,1,TRUE,98,FALSE,n/a,PIFSC 20311
Ship line-transect,2018_MACS_SE1803,Small boat,7/25/2018,9000a,18,Tursiops truncatus,Bottlenose dolphin,10:52,Guam/CNMI,Mariana Arc - north,Pagan,18.0461,145.724,4,6,5,No,TRUE,1,TRUE,7,FALSE,n/a,PIFSC 20311
Small boat,2018_Marianas_2summer,Small boat,8/26/2018,4,18,Tursiops truncatus,Bottlenose dolphin,15:23,Guam/CNMI,Mariana Arc - south,Marpi Reef,15.4324,145.8651,5,6,5,No,FALSE,0,TRUE,28,FALSE,n/a,PIFSC 20311
Small boat,2018_Marianas_2summer,Small boat,8/28/2018,10,18,Tursiops truncatus,Bottlenose dolphin,16:02,Guam/CNMI,Mariana Arc - south,Tinian,15.0977,145.6069,12,15,10,No,TRUE,2,TRUE,266,FALSE,n/a,PIFSC 20311
Small boat,2019_Marianas,Small boat,1/25/2019,9,18,Tursiops truncatus,Bottlenose dolphin,13:56,Guam/CNMI,Mariana Arc - south,Marpi Reef,15.409,145.8494,15,20,12,No,FALSE,0,FALSE,0,FALSE,n/a,PIFSC 20311
Small boat,2019_Marianas,Small boat,1/26/2019,10a,18,Tursiops truncatus,Bottlenose dolphin,8:34,Guam/CNMI,Mariana Arc - south,Saipan,15.3156,145.7599,22,25,18,Yes,FALSE,0,TRUE,84,FALSE,n/a,PIFSC 20311