Cruise,segnum,stlin,endlin,lat1,lon1,lat2,lon2
2015,1,22,108,13.4045,144.46133,13.15417,144.24601
2015,2,124,309,12.8855,144.063,12.8275,144.71116
2015,3,377,394,12.8115,144.78717,12.80517,144.82565
2015,4,433,483,12.78367,144.9435,12.75417,145.09365
2015,5,518,647,12.77417,145.12267,13.0125,145.185
2015,6,650,676,13.878,144.9265,13.96067,144.89533
2015,7,686,772,14.00633,144.8785,14.3505,144.75367
2015,8,779,841,14.37533,144.74383,14.6,144.66101
2015,9,884,1174,14.61867,144.6545,14.588,145.43132
2015,10,1220,1270,15.04467,145.75267,15.18067,145.60434
2015,11,1343,1392,15.2045,145.59833,15.3165,145.45735
2015,12,1490,1655,15.34433,145.43283,15.803,145.08233
2015,13,1679,1935,16.99167,144.9295,17.33833,145.81083
2015,14,1963,1986,17.3475,145.8315,17.36667,145.87065
2015,15,2005,2063,17.35167,145.85567,17.347,145.82966
2015,16,2064,2190,17.347,145.82983,17.55667,146.26965
2015,17,2200,2230,18.38783,145.89583,18.45467,145.80801
2015,18,2231,2237,18.45483,145.80783,18.45517,145.80734
2015,19,2369,2378,18.51817,145.8335,18.52917,145.81785
2015,20,2384,2692,18.5485,145.81317,19.31083,144.69502
2015,21,2710,2750,20.0235,145.2645,20.02383,145.24316
2015,22,2753,2768,20.014,145.24183,20.02017,145.20267
2015,23,2804,2913,20.03367,145.18967,20.00033,145.19916
2015,24,2931,3059,20.04167,145.182,20.4845,144.82984
2015,25,3060,3214,20.4855,144.82933,20.5705,144.79883
2015,26,3221,3239,17.52233,145.96133,17.491,145.96466
2015,27,3258,3314,17.42383,145.94817,17.27783,145.92416
2015,28,3316,3676,17.277,145.925,16.48567,146.69668
2015,29,3696,3774,16.44833,146.60883,16.35033,146.38019
2015,30,3786,3852,16.19033,145.71917,16.37483,145.62768
2015,31,3869,4060,16.349,145.61633,16.33617,145.61849
2015,32,4079,4095,16.37217,145.61083,16.37283,145.55003
2015,33,4097,4168,16.37383,145.54783,16.56917,145.3485
2015,34,4219,4279,16.60717,145.31867,16.78367,145.13102
2015,35,4289,4334,16.25983,145.99383,16.41933,146.04533
2015,36,4350,4367,16.4545,146.0525,16.48017,146.062
2015,37,4378,4499,16.50117,146.06383,16.693,145.79735
2015,38,4564,4793,16.7015,145.83283,16.858,145.72065
2015,39,4803,4895,17.24967,145.53433,17.30367,145.86117
2015,40,4941,4978,17.28883,145.8565,17.283,145.84265
2015,41,5029,5103,17.32617,145.887,17.266,145.87647
2015,42,5131,5166,17.26817,145.90617,17.21933,145.97533
2015,43,5274,5296,17.26733,145.98467,17.21433,146.03716
2015,44,5301,5373,17.5745,146.12167,17.583,145.80534
2015,45,5391,5434,17.61967,145.8115,17.57783,145.80718
2015,46,5556,5611,17.60283,145.79067,17.7485,145.8085
2015,47,5616,5630,17.73533,145.82767,17.708,145.8605
2015,48,5699,5713,17.70067,145.88333,17.68833,145.8835
2015,49,5796,5804,18.002,145.55683,18.01133,145.57049
2015,50,5808,5847,18.02033,145.586,18.08983,145.72765
2015,51,5891,5931,18.1315,145.74633,18.13033,145.81433
2015,52,5949,5966,18.104,145.822,18.09533,145.774
2015,53,5977,6015,18.069,145.78983,18.08317,145.78651
2015,54,6020,6027,18.07717,145.76583,18.074,145.75918
2015,55,6032,6042,18.0565,145.74683,18.0415,145.73718
2015,56,6054,6081,18.03167,145.6925,18.08183,145.71533
2015,57,6134,6159,18.03583,145.65767,18.10134,145.70249
2015,58,6187,6316,18.187,145.7185,17.992,145.79617
2015,59,6327,6758,18.51667,145.71383,17.55033,146.22117
2015,60,6831,7072,17.37933,145.79617,18.107,145.03967
2015,61,7130,7321,18.16183,144.97867,18.49167,145.43132
2015,62,7331,7380,18.77717,145.89067,18.73217,145.69317
2015,63,7418,7482,18.71717,145.6585,18.75467,145.6345
2015,64,7486,7495,18.7395,145.639,18.735,145.64033
2015,65,7666,7697,18.59617,145.56667,18.67217,145.51933
2015,66,7711,8198,18.6825,145.52433,19.74017,145.472
2015,67,8206,8274,19.69183,145.623,19.69433,145.38383
2015,68,8294,8430,19.697,145.38133,19.75817,145.36534
2015,69,8659,8694,19.7915,145.541,19.708,145.472
2015,70,8699,8750,20.23017,146.12067,20.13917,145.92968
2015,71,8755,8798,20.12967,145.90883,20.06117,145.76517
2015,72,8801,9110,20.0545,145.7575,19.469,144.49434
2015,73,9111,9210,19.46917,144.49417,19.79967,144.33467
2015,74,9236,9432,20.27867,145.15483,20.073,145.21117
2015,75,9773,9795,20.06917,145.1725,20.02866,145.24182
2015,76,9802,9973,20.68833,144.01933,21.12917,144.5105
2015,77,10114,10177,21.10517,144.4585,21.22717,144.62
2015,78,10197,10314,21.23683,144.613,21.24617,144.93916
2015,79,10325,10402,20.54767,145.12317,20.5485,144.8755
2015,80,10410,10430,20.55383,144.8845,20.53117,144.897
2015,81,10432,10525,20.531,144.89267,20.553,144.87951
2015,82,10538,10703,20.56083,144.8745,20.30367,144.58833
2015,83,10705,10856,20.303,144.58867,19.97133,145.10682
2015,84,10866,11352,19.69133,145.54083,18.71567,145.93518
2015,85,11361,11470,18.3675,145.7785,18.073,145.755
2015,86,11472,11882,18.06933,145.75267,18.09884,145.69182
2015,87,11889,11913,17.33567,146.05567,17.27267,146.08617
2015,88,12035,12043,17.2365,146.0715,17.2265,146.075
2015,89,12050,12081,17.19833,146.087,17.09133,146.12483
2015,90,12145,12280,17.11767,146.16033,16.66,146.18667
2015,91,12342,12379,16.61267,146.191,16.50167,146.16
2015,92,12391,12437,16.46583,146.15217,16.29816,146.12567
2015,93,12443,12525,16.36183,145.9065,16.33167,145.63716
2015,94,12533,12694,16.32483,145.63667,16.29,145.66533
2015,95,12707,12802,16.2905,145.6875,16.129,145.88667
2015,96,12811,12953,16.10967,145.8725,15.68383,145.97116
2018,1,16,28,15.13,145.3085,15.15733,145.33
2018,2,110,127,15.15117,145.40217,15.17367,145.41
2018,3,161,181,15.221,145.41217,15.29133,145.44533
2018,4,313,344,15.31567,145.47133,15.23117,145.46333
2018,5,352,376,15.194,145.46583,15.16133,145.5255
2018,6,391,459,15.17433,145.55633,15.055,145.73616
2018,7,511,521,15.887,146.14533,15.86917,146.16366
2018,8,524,566,15.8655,146.16017,15.886,146.036
2018,9,584,619,15.906,146.03683,16.01617,146.04167
2018,10,652,697,16.00883,146.04433,16.03967,146.07247
2018,11,729,832,16.01633,146.0335,16.19917,145.91383
2018,12,857,1034,16.20983,145.93117,15.92983,146.01867
2018,13,1087,1130,15.1585,145.63217,15.22484,145.59216
2018,14,1164,1182,15.383,145.613,15.4445,145.62067
2018,15,1196,1420,15.51067,145.63017,16.36834,145.73501
2018,16,1446,1457,17.9635,145.505,17.97017,145.51666
2018,17,1561,1646,18.2095,145.538,18.11367,145.23152
2018,18,1720,1848,17.99,144.84883,17.83433,144.35934
2018,19,1916,2154,17.37083,143.09267,17.064,144.05517
2018,20,2163,2231,17.0565,144.07917,16.98117,144.31481
2018,21,2403,2444,16.52783,145.5915,16.48833,145.47017
2018,22,2585,2643,16.50633,145.35233,16.406,145.20317
2018,23,2675,2700,16.4205,145.18567,16.37767,145.11717
2018,24,2718,2805,16.346,145.02517,16.2375,144.68467
2018,25,2907,2918,15.68717,142.96083,15.68183,142.94484
2018,26,2953,3006,15.6925,142.95583,15.65433,143.14433
2018,27,3043,3176,15.653,143.14833,15.4885,143.66681
2018,28,3180,3224,15.4855,143.67633,15.43917,143.81616
2018,29,3234,3433,15.43333,143.8425,15.1755,144.64631
2018,30,3445,3481,14.84217,145.63917,14.80317,145.51951
2018,31,3486,3589,14.79483,145.493,14.66967,145.09968
2018,32,3594,3668,14.66683,145.08967,14.58283,144.82817
2018,33,3702,3766,14.56267,144.79067,14.5015,144.573
2018,34,3808,3868,14.47583,144.55517,14.422,144.32301
2018,35,3892,3935,14.408,144.31633,14.37033,144.18018
2018,36,3953,4008,14.347,144.16717,14.3045,143.95384
2018,37,4021,4056,13.98467,143.03083,13.92383,143.15848
2018,38,4140,4185,13.88483,143.15517,13.84933,143.31416
2018,39,4259,4288,13.79,143.444,13.74683,143.53532
2018,40,4311,4326,13.66367,143.54967,13.65167,143.57016
2018,41,4344,4519,13.635,143.58683,13.26867,144.19799
2018,42,4522,4546,13.26217,144.2085,13.22467,144.28147
2018,43,4550,4566,13.22467,144.28167,13.217,144.33598
2018,44,4577,4691,13.1365,144.74367,13.00017,144.31252
2018,45,4699,4729,12.9965,144.2975,12.971,144.22084
2018,46,4750,4760,12.94883,144.22,12.94817,144.2155
2018,47,4771,4795,12.94617,144.1945,12.93367,144.10619
2018,48,4801,4876,12.932,144.0965,12.85233,143.85067
2018,49,4891,4926,12.85583,143.81483,12.8115,143.72134
2018,50,4945,4982,12.79483,143.67667,12.76033,143.55819
2018,51,4992,5146,12.748,143.51917,12.55183,142.90569
2018,52,5158,5209,13.3955,142.45483,13.5575,142.53183
2018,53,5227,5250,13.57883,142.5425,13.62017,142.562
2018,54,5326,5405,13.65817,142.63017,13.90017,142.69517
2018,55,5522,5582,13.97467,142.70983,14.1515,142.815
2018,56,5602,5675,14.23017,142.81967,14.37867,142.97515
2018,57,5740,5776,15.14583,143.11333,15.14967,143.23532
2018,58,5780,5937,15.15433,143.25183,15.145,143.91881
2018,59,5943,6079,15.15333,143.94467,15.34917,144.5295
2018,60,6080,6122,15.34917,144.5295,15.42567,144.67633
2018,61,6126,6201,15.43333,144.69117,15.56717,144.95098
2018,62,6226,6313,16.072,144.51483,16.1855,144.155
2018,63,6326,6338,16.20433,144.09383,16.21433,144.06318
2018,64,6362,6535,16.2505,143.94817,16.42117,143.34102
2018,65,6551,6569,16.44983,143.26467,16.4655,143.22019
2018,66,6618,6630,16.53433,143.19583,16.54167,143.18751
2018,67,6657,6759,16.55667,143.17867,16.8205,142.85484
2018,68,6780,6827,18.0415,142.99967,18.2435,142.99967
2018,69,6829,6840,18.2435,142.99967,18.24533,143.008
2018,70,6845,6859,18.2365,143.021,18.22667,143.04616
2018,71,6864,6904,18.22167,143.05567,18.19167,143.18367
2018,72,6918,6956,18.16383,143.19117,18.1485,143.32033
2018,73,6976,7043,18.15017,143.36117,18.06667,143.57533
2018,74,7054,7068,18.05717,143.61017,18.0535,143.62166
2018,75,7274,7297,18.1515,143.74733,18.125,143.8175
2018,76,7331,7432,16.8725,143.64817,16.857,144.11667
2018,77,7468,7619,16.848,144.13217,17.44717,144.10383
2018,78,7634,7664,17.48467,144.08333,17.58617,144.083
2018,79,7697,7735,17.621,144.08083,17.69433,144.08767
2018,80,7763,7809,17.684,144.13983,17.78667,144.281
2018,81,7820,7865,18.07483,145.53083,18.09717,145.70166
2018,82,7866,7897,18.09717,145.70667,18.12117,145.74267
2018,83,7920,8031,18.14217,145.72267,18.0685,145.78335
2018,84,8072,8093,18.05617,145.7805,18.01883,145.72284
2018,85,8164,8174,18.08783,145.70317,18.0715,145.69233
2018,86,8207,8226,18.04467,145.67483,18.01217,145.652
2018,87,8229,8249,18.00167,145.64283,17.92967,145.61134
2018,88,8251,8341,17.92383,145.609,17.65517,145.44767
2018,89,8347,8371,17.64183,145.44167,17.54266,145.39784
2018,90,8436,8610,16.02133,144.64067,15.28033,144.71983
2018,91,8613,8897,15.26767,144.72017,14.0415,144.73483
2018,92,8906,8933,13.99883,144.73567,13.89633,144.73717
2018,93,8947,9082,13.08983,143.387,12.9385,142.83334
2018,94,9098,9113,12.96867,142.807,12.961,142.78583
2018,95,9136,9186,12.92867,142.76267,12.886,142.601
2018,96,9232,9347,12.87,142.51,13.146,142.11784
2018,97,9348,9452,13.14583,142.11783,12.83433,141.90367
2018,98,9482,9738,13.1975,142.26667,13.52783,143.2605
2018,99,9747,9799,13.52983,143.31,13.58667,143.49498
2018,100,9822,9860,13.62133,143.60933,13.66167,143.73499
2018,101,9872,9918,13.667,143.759,13.67667,143.88948
2018,102,9922,9942,13.67933,143.901,13.71667,143.94832
2018,103,9981,10009,14.54433,142.9075,14.626,142.93632
2018,104,10022,10068,14.67883,142.94833,14.84917,143.00448
2018,105,10070,10165,14.84917,143.0045,14.691,143.33349
2018,106,10174,10202,14.66017,143.33283,14.6525,143.39267
2018,107,10233,10386,14.62467,143.42883,14.37433,143.99598
2018,108,10417,10432,14.34717,144.00267,14.34083,144.03566
2018,109,10448,10455,14.32033,144.05533,14.31933,144.05916
2018,110,10456,10469,14.319,144.06083,14.31667,144.06966
2018,111,10499,10539,14.30883,144.1355,14.25333,144.25233
2018,112,10565,10575,15.1265,144.799,15.123,144.80966
2018,113,10588,10618,15.11717,144.82633,15.09,144.91149
2018,114,10674,10839,15.08733,144.99267,14.85083,145.66365
2018,115,10860,10878,14.85167,145.71,14.869,145.78382
2018,116,10888,11079,14.88117,145.80933,15.57867,146.03733
2018,117,11105,11383,16.0385,146.03167,16.32317,145.87117
2018,118,11395,11405,16.36483,145.81933,16.38284,145.79768
2018,119,11421,11436,16.4105,145.75783,16.41483,145.70135
2018,120,11457,11481,16.4235,145.589,16.34783,145.58434
2018,121,11517,11575,16.356,145.5845,16.28133,145.72516
2018,122,11604,11614,16.34917,145.74317,16.36534,145.74367
2018,123,11618,11659,16.37967,145.74367,16.36433,145.618
2018,124,11665,11684,16.3385,145.61883,16.32117,145.64332
2021,1,150,186,15.361,145.78817,15.41033,145.86267
2021,2,206,267,15.46533,145.92567,15.58617,146.06349
2021,3,270,284,15.5915,146.06933,15.60783,146.088
2021,4,288,387,15.61533,146.096,15.78667,146.29566
2021,5,399,440,16.6155,145.95583,16.51083,145.84917
2021,6,459,492,16.463,145.801,16.3815,145.71817
2021,7,496,560,16.37983,145.70633,16.303,145.64017
2021,8,562,599,16.3005,145.63767,16.23433,145.56417
2021,9,604,654,16.22067,145.54967,16.09266,145.42319
2021,10,662,967,16.06767,145.396,15.1835,144.49534
2021,11,984,1052,16.053,144.20733,16.23217,144.37916
2021,12,1066,1111,16.25933,144.40417,16.38117,144.52681
2021,13,1113,1137,16.38667,144.5325,16.4405,144.585
2021,14,1403,1483,17.13033,145.2895,17.29233,145.45383
2021,15,1493,1563,18.0935,145.71617,17.96733,145.47884
2021,16,1676,1778,17.9825,145.47383,18.02267,145.01367
2021,17,1780,1921,18.02167,145.01283,17.59683,144.57918
2021,18,1949,2438,18.36067,144.17367,19.65017,145.49783
2021,19,2459,2501,19.54983,144.19633,19.66133,144.30933
2021,20,2505,2566,19.666,144.314,19.786,144.43715
2021,21,2718,2911,19.86967,144.51867,20.431,145.10199
2021,22,2970,3005,20.38333,145.02017,20.44967,145.12132
2021,23,3015,3069,18.907,145.61467,18.81833,145.73215
2021,24,3166,3533,18.79683,145.80267,19.8505,146.91683
2021,25,3552,3576,18.72683,146.949,18.68833,146.90434
2021,26,3592,3706,18.6335,146.8445,18.30333,146.50002
2021,27,3714,3939,18.28233,146.4785,17.61617,145.78734
2021,28,3941,3962,17.61483,145.786,17.56517,145.7885
2021,29,4002,4020,17.50717,145.77067,17.5045,145.76386
2021,30,4095,4563,16.6235,144.76983,15.18367,143.32534
2021,31,4584,4599,14.26717,143.57667,14.224,143.53368
2021,32,4611,4839,14.20867,143.51783,13.527,142.82401
2021,33,4863,4976,13.45733,142.77567,13.124,142.45985
2021,34,4995,5031,13.09667,142.46133,13.03167,142.37417
2021,35,5038,5064,13.011,142.34583,12.9815,142.30984
2021,36,5081,5113,12.96933,142.2945,12.87667,142.2065
2021,37,5130,5148,12.82767,142.15783,12.78133,142.11467
2021,38,5168,5215,13.65917,141.82483,13.763,141.92565
2021,39,5220,5346,13.77217,141.93483,14.124,142.27698
2021,40,5348,5376,14.13017,142.28267,14.20767,142.36015
2021,41,5598,5791,15.53733,142.5165,16.11717,143.09181
2021,42,5934,6093,16.52533,143.49783,16.96233,143.93616
2021,43,6096,6131,17.81833,143.6255,17.72617,143.53268
2021,44,6148,6459,17.66917,143.47583,16.67717,142.49101
2021,45,6522,6554,16.67083,142.48183,16.58533,142.39817
2021,46,6626,6768,17.75433,142.39183,18.19117,142.8255
2021,47,6770,6909,18.1955,142.82967,18.6165,143.25033
2021,48,6940,7024,18.705,143.33717,18.92683,143.56366
2021,49,7140,7422,18.7565,142.21733,19.57367,143.03132
2021,50,7429,7580,19.5905,143.04717,19.9945,143.45733
2021,51,7711,7983,21.03967,143.3255,21.82083,144.12549
2021,52,8144,8251,21.83833,144.094,22.1225,144.43765
2021,53,8260,8360,21.69517,145.2085,21.3835,144.8815
2021,54,8380,8567,21.3725,144.85283,20.77217,144.24934
2021,55,8719,8749,20.73883,144.213,20.66683,144.14484
2021,56,8795,8835,20.54117,144.01367,20.431,143.90133
2021,57,8858,8929,20.6855,142.96767,20.49633,142.77433
2021,58,9315,9355,20.55317,141.6545,20.64433,141.74366
2021,59,9393,9536,20.70083,141.763,21.13683,142.23583
2021,60,9622,9669,21.35583,142.4545,21.44917,142.54866
2021,61,9795,9883,21.47067,142.55317,21.721,142.82449
2021,62,9902,10065,22.39617,143.5125,22.86217,143.99349
2021,63,10098,10127,22.86133,144.01133,22.89083,144.03349
2021,64,10299,10366,22.99717,144.13717,23.2,144.34665
2021,65,10373,10458,23.1945,144.35533,22.93367,144.351
2021,66,10464,10518,22.91033,144.35033,22.761,144.35883
2021,67,10535,10635,21.20517,143.336,20.899,143.03034
2021,68,10673,10765,20.87033,143.00767,20.57083,143.13116
2021,69,10774,10865,20.549,143.138,20.2375,143.26599
2021,70,10951,11062,20.02317,143.21,19.52816,143.13784
2021,71,11079,11165,18.95733,144.24933,18.91317,144.57795
2021,72,11230,11283,18.94683,144.60967,18.8805,144.81549
2021,73,11357,11402,18.861,144.848,18.81667,144.6492
2021,74,11405,11437,18.81433,144.64467,18.73133,144.56
2021,75,11442,11608,18.716,144.54433,18.22016,144.03536
2021,76,11626,11771,16.8045,144.665,16.91233,144.07367
2021,77,11826,12045,16.92317,144.08,17.093,143.18067
2021,78,12080,12105,17.106,143.17283,17.12067,143.09885
2021,79,12173,12219,17.13533,143.08017,17.169,142.90153
2021,80,12560,12657,14.61733,141.61933,14.3335,141.34118
2021,81,12675,12685,12.7855,142.07883,12.76633,142.089
2021,82,12690,12699,12.76633,142.09467,12.77817,142.10665
2021,83,12701,12907,12.78483,142.11367,13.34083,142.66633
2021,84,12924,12940,13.38367,142.7105,13.41734,142.74199
2021,85,12952,13173,13.45883,142.779,14.14167,143.45767
2021,86,13191,13401,14.29567,142.98367,13.687,142.35985
2021,87,13416,13432,13.63667,142.31,13.60233,142.27501
2021,88,13446,13485,13.55667,142.22683,13.45316,142.12018
2021,89,13694,13732,12.06233,142.5555,12.16134,142.65232
2021,90,14105,14144,12.93383,144.601,12.833,144.47834
2021,91,14175,14204,12.78383,144.38367,12.71,144.34834
2021,92,14232,14356,12.34167,145.142,12.006,144.828
2021,93,14437,14611,11.98533,144.71167,11.49966,144.30185
2021,94,14701,14861,11.43167,144.30967,11.0815,143.88001
2021,95,14893,14909,11.31333,145.2725,11.3465,145.30632
2021,96,14911,14985,11.3495,145.309,11.5375,145.496
2021,97,14996,15009,11.55933,145.5185,11.58117,145.54216
2021,98,15012,15018,11.5875,145.5485,11.59284,145.55349
2021,99,15022,15383,11.60667,145.56767,12.64833,146.617
2021,100,15399,15409,12.6865,146.65817,12.7055,146.678
2021,101,15412,15441,12.44783,147.58767,12.50367,147.64515
2021,102,15472,15601,12.53517,147.6695,12.88867,148.03899
2021,103,15649,15745,12.9245,148.0305,13.1705,148.32899
2021,104,15749,15877,13.18,148.33883,13.55167,148.72249
2021,105,15886,15944,13.57883,148.75117,13.69484,148.87065
2021,106,15953,16250,13.87367,147.871,14.63284,148.65948
2021,107,16273,16468,14.66617,148.69733,15.28484,149.25299
2021,108,16480,16499,16.4445,148.2805,16.41633,148.22218
2021,109,16512,16538,16.36583,148.08133,16.29717,148.00867
2021,110,16541,16660,16.24533,147.95533,15.938,147.63334
2021,111,16662,16881,15.9235,147.61833,15.26167,146.93234
2021,112,16893,16906,15.25933,146.8495,15.2455,146.84185
2021,113,16910,16946,15.21783,146.82267,15.094,146.7555
2021,114,16950,16985,15.04533,147.8985,15.12383,147.98116
2021,115,17024,17161,15.1845,147.97733,15.50583,148.40215
2021,116,17163,17169,15.51433,148.4125,15.5175,148.41648
2021,117,17171,17272,15.52717,148.428,15.81084,148.69465
2021,118,17278,17353,15.8485,148.7025,16.01417,148.9085
2021,119,17354,17413,16.0135,148.91383,15.866,149.00433
2021,120,17419,17433,15.8555,149.02033,15.81483,149.03566
2021,121,17440,17543,16.76233,149.10517,17.14733,149.05617
2021,122,17558,17608,17.19267,149.05117,17.099,148.86534
2021,123,17615,17801,17.063,148.83667,16.549,148.27301
2021,124,17803,17823,16.53683,148.26,16.4865,148.20834
2021,125,17825,17915,16.48133,148.20567,16.15083,148.06034
2021,126,17924,18153,14.53083,147.35217,13.846,146.66401
2021,127,18155,18192,13.8255,146.65417,13.74317,146.55784
2021,128,18197,18233,13.6955,146.5055,13.61533,146.42652
2021,129,18236,18277,13.5655,146.37667,13.4515,146.261
2021,130,18286,18393,13.3775,146.23167,13.09616,145.90102
2021,131,18399,18546,12.756,144.39,12.30967,143.94951
2021,132,18572,18771,12.28667,143.91983,11.703,143.34884
2021,133,18801,18813,11.64167,143.288,11.61033,143.25869
2021,134,18834,18860,12.2465,142.74817,12.30433,142.79233
2021,135,18864,18870,12.34217,142.83183,12.3475,142.83632
2021,136,18872,18903,12.36767,142.85467,12.42283,142.909
2021,137,18929,18981,12.44783,142.9935,12.60967,143.09265
2021,138,18993,19291,12.63417,143.11567,13.46167,143.93483
2021,139,19305,19362,13.7935,145.38017,13.88483,145.52916
2021,140,19368,19394,13.89917,145.54383,13.95884,145.60248
2021,141,19400,19557,13.97533,145.61917,14.40917,146.06033
2021,142,19618,19683,14.46183,146.11083,14.65067,146.30598
2021,143,19695,19802,14.69083,146.3435,15.00433,146.67283
2021,144,19846,19892,15.913,146.41883,16.04067,146.54766
2021,145,19894,19921,16.04267,146.54983,16.09084,146.59965
2021,146,19950,20366,16.107,146.61667,17.18317,147.73232
2021,147,20424,20497,17.45617,148.0415,17.62283,148.20033
2021,148,20509,20565,17.6555,148.23417,17.7815,148.36783
2021,149,20575,20651,17.80967,148.39867,17.99284,148.57833
2021,150,20670,20855,18.0585,148.61967,18.53783,149.17466
2021,151,20901,20931,18.55083,149.18133,18.61983,149.26366
2021,152,20955,20993,20.05533,148.65817,20.175,148.5995
2021,153,20994,21241,20.175,148.5995,19.54233,147.808
2021,154,21250,21290,19.5095,147.774,19.39817,147.65433
2021,155,21308,21403,19.378,147.64133,19.17067,147.41419
2021,156,21431,21465,19.135,147.45333,19.0835,147.32984
2021,157,21522,21561,20.48017,146.69083,20.5975,146.642
2021,158,21570,21587,20.62,146.653,20.65583,146.63884
2021,159,21588,21737,20.65583,146.63883,21.08167,147.00316
2021,160,21772,21798,21.09317,147.00633,21.14833,147.07431
2021,161,21846,21924,21.16633,147.06917,21.34383,147.28516
2021,162,21932,21956,21.368,147.31,21.417,147.3625
2021,163,21961,21991,21.43333,147.3795,21.462,147.40815
2021,164,22114,22172,22.79033,146.8065,23.01367,146.70702
2021,165,22175,22638,23.013,146.70467,21.65733,145.16769
2021,166,22658,22829,22.49267,144.83483,22.94917,145.30565
2021,167,22969,23030,23.3785,145.76117,23.54417,145.93849
2021,168,23060,23077,23.65283,146.0565,23.69867,146.10166
2021,169,23085,23131,23.69767,146.0895,23.587,145.98317
2021,170,23134,23171,23.58283,145.98433,23.51367,146.10315
2021,171,23199,23223,22.70767,147.18817,22.67417,147.23348
2021,172,23256,23268,22.67183,147.28283,22.647,147.30032
2021,173,23301,23345,22.55867,147.275,22.40133,147.18367
2021,174,23600,23611,21.86033,146.43367,21.82467,146.44366
2021,175,23614,23735,21.8215,146.44217,21.4205,146.13986
2021,176,23759,23851,20.32033,146.20517,20.05267,145.91585
2021,177,23916,23987,20.09817,145.94317,19.88333,145.7385
2021,178,24012,24020,19.91,145.60933,19.9135,145.59285
2021,179,24037,24053,19.927,145.5595,19.935,145.50918
2021,180,24081,24126,19.90883,145.46467,19.96967,145.30968
2021,181,24212,24232,20.49433,144.88183,20.53817,144.83167
2021,182,24246,24266,20.53917,144.8385,20.5945,144.86483
2021,183,24274,24285,20.58933,144.88767,20.5835,144.91166
2021,184,24290,24322,20.58117,144.92133,20.49983,144.93883
2021,185,24386,24405,20.36267,144.98383,20.30683,145.03516
2021,186,24411,24424,20.28483,145.055,20.27367,145.06499
2021,187,24433,24466,20.2495,145.06417,20.17367,145.14831
2021,188,24483,24771,20.12083,145.2055,19.8035,145.55665
2021,189,24804,24840,19.98183,147.07317,20.06433,147.14049
2021,190,24897,24913,20.0525,147.17767,20.082,147.19183
2021,191,24937,25138,20.1385,147.19533,20.75283,147.87598
2021,192,25150,25322,20.78883,147.91683,21.32283,148.50065
2021,193,25343,25369,20.514,148.60533,20.43567,148.65866
2021,194,25372,25483,20.43183,148.65833,20.09333,148.39984
2021,195,25528,25626,20.0895,148.39533,19.80783,148.21584
2021,196,25629,25637,19.80567,148.21483,19.79783,148.214
2021,197,25664,25688,19.7555,148.226,19.73467,148.28149
2021,198,25695,25796,19.72783,148.30067,19.57717,148.68932
2021,199,25800,25811,19.57283,148.7005,19.56567,148.7195
2021,200,25840,25874,19.54267,148.79183,19.517,148.90232
2021,201,25881,25904,19.5315,148.91483,19.562,148.98431
2021,202,25920,26217,19.43967,148.92667,18.52083,147.94267
2021,203,26224,26271,18.18817,148.03217,18.06517,148.0375
2021,204,26305,26337,17.795,147.17433,17.704,147.08018
2021,205,26368,26436,17.65167,147.07517,17.487,146.85351
2021,206,26451,26514,17.4395,146.8205,17.26567,146.6235
2021,207,26524,26700,17.23633,146.593,16.69933,146.04101
2021,208,26724,26741,16.672,146.03833,16.651,145.98284
2021,209,26743,26858,16.6515,145.9815,16.72983,145.80683
2021,210,26886,26894,15.35667,145.73367,15.345,145.72069
2021,211,26958,26972,15.33867,145.71317,15.31983,145.69551
2021,212,26980,26992,15.30267,145.69617,15.29467,145.68034
2021,213,27002,27012,15.26817,145.642,15.249,145.622
2021,214,27023,27346,15.21117,145.58383,14.23083,144.71334
2021,215,27467,27570,14.666,142.82867,14.35483,142.50651
2021,216,27575,27591,14.34133,142.49317,14.29416,142.44735
2021,217,27602,27860,14.2615,142.41567,13.45183,141.62035
2021,218,27904,27944,13.31183,141.53017,13.23817,141.41101
2021,219,27953,28009,14.505,141.874,14.68517,141.78717
2021,220,28011,28095,14.688,141.78817,14.956,141.94433
2021,221,28107,28234,14.98717,141.97317,15.29367,142.28681
2021,222,28255,28266,15.36117,142.34433,15.3815,142.36449
2021,223,28282,28336,15.43767,142.41967,15.55617,142.53883
2021,224,28345,28365,15.57483,142.57517,15.59217,142.60916
2021,225,28405,28413,15.4865,142.59067,15.49633,142.58483
2021,226,28416,28438,15.50067,142.58667,15.55933,142.60967
2021,227,28472,28493,15.70867,142.68633,15.73833,142.71383
2021,228,28535,28550,15.0235,144.219,15.00817,144.25066
2021,229,28560,28599,15.00633,144.25967,14.927,144.2195
2021,230,28643,28716,14.895,144.20517,14.69233,144.00367
2021,231,28755,28828,14.66333,143.97317,14.45116,143.76369
2021,232,28840,28883,14.4135,143.72517,14.2765,143.59118