AnimalID,All,Fine,Broad,HI Fine,CNMI_HIArch,CNMI_Other,CNMI_NoHybrids,STRUCTURE_strata
2623,All,,WPac,,,Ttru,,WPac
5562,All,,WPac,,,Ttru,,WPac
9538,All,,WPac,,,Ttru,,WPac
9539,All,,WPac,,,Ttru,,WPac
9540,All,,WPac,,,Ttru,,WPac
9541,All,,WPac,,,Ttru,,WPac
13843,All,,WPac,,,Ttru,,WPac
18534,All,MHI,HIArch,BigIsland,HIArch,Ttru,,HIArch
18535,All,MHI,HIArch,BigIsland,HIArch,Ttru,,HIArch
18536,All,MHI,HIArch,BigIsland,HIArch,Ttru,,HIArch
18949,All,MHI,HIArch,4-Islands,HIArch,Ttru,,HIArch
18950,All,MHI,HIArch,4-Islands,HIArch,Ttru,,HIArch
18957,All,MHI,HIArch,4-Islands,HIArch,Ttru,,HIArch
18958,All,MHI,HIArch,4-Islands,HIArch,Ttru,,HIArch
18959,All,MHI,HIArch,4-Islands,HIArch,Ttru,,HIArch
18960,All,MHI,HIArch,4-Islands,HIArch,Ttru,,HIArch
18961,All,MHI,HIArch,4-Islands,HIArch,Ttru,,HIArch
23314,All,MHI,HIArch,4-Islands,HIArch,Ttru,,HIArch
23315,All,MHI,HIArch,4-Islands,HIArch,Ttru,,HIArch
23325,All,MHI,HIArch,4-Islands,HIArch,Ttru,,HIArch
23326,All,MHI,HIArch,4-Islands,HIArch,Ttru,,HIArch
27402,All,MHI,HIArch,BigIsland,HIArch,Ttru,,HIArch
27403,All,MHI,HIArch,BigIsland,HIArch,Ttru,,HIArch
27413,All,MHI,HIArch,BigIsland,HIArch,Ttru,,HIArch
27414,All,MHI,HIArch,BigIsland,HIArch,Ttru,,HIArch
27419,All,MHI,HIArch,4-Islands,HIArch,Ttru,,HIArch
27420,All,MHI,HIArch,4-Islands,HIArch,Ttru,,HIArch
27421,All,MHI,HIArch,4-Islands,HIArch,Ttru,,HIArch
27422,All,MHI,HIArch,4-Islands,HIArch,Ttru,,HIArch
27423,All,MHI,HIArch,4-Islands,HIArch,Ttru,,HIArch
27424,All,MHI,HIArch,4-Islands,HIArch,Ttru,,HIArch
27425,All,MHI,HIArch,4-Islands,HIArch,Ttru,,HIArch
27446,All,MHI,HIArch,Oahu,HIArch,Ttru,,HIArch
27447,All,MHI,HIArch,Oahu,HIArch,Ttru,,HIArch
27448,All,MHI,HIArch,Oahu,HIArch,Ttru,,HIArch
27449,All,MHI,HIArch,Oahu,HIArch,Ttru,,HIArch
27450,All,MHI,HIArch,Oahu,HIArch,Ttru,,HIArch
27451,All,MHI,HIArch,Oahu,HIArch,Ttru,,HIArch
30425,All,NWHI,HIArch,Pelagic,HIArch,Ttru,,HIArch
30426,All,NWHI,HIArch,Pelagic,HIArch,Ttru,,HIArch
30427,All,NWHI,HIArch,Pelagic,HIArch,Ttru,,HIArch
30428,All,NWHI,HIArch,Pelagic,HIArch,Ttru,,HIArch
30484,All,MHI,HIArch,Oahu,HIArch,Ttru,,HIArch
30495,All,MHI,HIArch,BigIsland,HIArch,Ttru,,HIArch
30496,All,MHI,HIArch,BigIsland,HIArch,Ttru,,HIArch
30497,All,MHI,HIArch,BigIsland,HIArch,Ttru,,HIArch
30498,All,MHI,HIArch,BigIsland,HIArch,Ttru,,HIArch
30499,All,MHI,HIArch,BigIsland,HIArch,Ttru,,HIArch
33729,All,MHI,HIArch,BigIsland,HIArch,Ttru,,HIArch
33771,All,MHI,HIArch,4-Islands,HIArch,Ttru,,HIArch
33773,All,MHI,HIArch,4-Islands,HIArch,Ttru,,HIArch
33779,All,MHI,HIArch,4-Islands,HIArch,Ttru,,HIArch
33780,All,MHI,HIArch,4-Islands,HIArch,Ttru,,HIArch
33785,All,MHI,HIArch,4-Islands,HIArch,Ttru,,HIArch
33788,All,MHI,HIArch,4-Islands,HIArch,Ttru,,HIArch
33789,All,MHI,HIArch,4-Islands,HIArch,Ttru,,HIArch
33790,All,MHI,HIArch,4-Islands,HIArch,Ttru,,HIArch
33818,All,MHI,HIArch,4-Islands,HIArch,Ttru,,HIArch
33845,All,MHI,HIArch,Oahu,HIArch,Ttru,,HIArch
33846,All,MHI,HIArch,Oahu,HIArch,Ttru,,HIArch
33847,All,MHI,HIArch,Oahu,HIArch,Ttru,,HIArch
33848,All,MHI,HIArch,Oahu,HIArch,Ttru,,HIArch
33864,All,MHI,HIArch,Oahu,HIArch,Ttru,,HIArch
33865,All,MHI,HIArch,Oahu,HIArch,Ttru,,HIArch
33866,All,MHI,HIArch,Oahu,HIArch,Ttru,,HIArch
33867,All,MHI,HIArch,Oahu,HIArch,Ttru,,HIArch
33868,All,MHI,HIArch,Oahu,HIArch,Ttru,,HIArch
33869,All,MHI,HIArch,Oahu,HIArch,Ttru,,HIArch
33870,All,MHI,HIArch,Oahu,HIArch,Ttru,,HIArch
33871,All,MHI,HIArch,Oahu,HIArch,Ttru,,HIArch
33872,All,MHI,HIArch,Oahu,HIArch,Ttru,,HIArch
33873,All,MHI,HIArch,Oahu,HIArch,Ttru,,HIArch
33874,All,MHI,HIArch,Oahu,HIArch,Ttru,,HIArch
33875,All,MHI,HIArch,Oahu,HIArch,Ttru,,HIArch
33876,All,MHI,HIArch,Oahu,HIArch,Ttru,,HIArch
33877,All,MHI,HIArch,Oahu,HIArch,Ttru,,HIArch
33894,All,MHI,HIArch,Oahu,HIArch,Ttru,,HIArch
33896,All,MHI,HIArch,Oahu,HIArch,Ttru,,HIArch
33897,All,MHI,HIArch,Oahu,HIArch,Ttru,,HIArch
33900,All,MHI,HIArch,Oahu,HIArch,Ttru,,HIArch
33921,All,MHI,HIArch,Oahu,HIArch,Ttru,,HIArch
33922,All,MHI,HIArch,Oahu,HIArch,Ttru,,HIArch
33923,All,MHI,HIArch,Oahu,HIArch,Ttru,,HIArch
33924,All,MHI,HIArch,Oahu,HIArch,Ttru,,HIArch
33925,All,MHI,HIArch,Oahu,HIArch,Ttru,,HIArch
33942,All,MHI,HIArch,Kauai,HIArch,Ttru,,HIArch
33943,All,MHI,HIArch,Kauai,HIArch,Ttru,,HIArch
33944,All,MHI,HIArch,Kauai,HIArch,Ttru,,HIArch
33945,All,MHI,HIArch,Kauai,HIArch,Ttru,,HIArch
33946,All,MHI,HIArch,Kauai,HIArch,Ttru,,HIArch
33947,All,MHI,HIArch,Kauai,HIArch,Ttru,,HIArch
33950,All,MHI,HIArch,Kauai,HIArch,Ttru,,HIArch
33951,All,MHI,HIArch,Kauai,HIArch,Ttru,,HIArch
33952,All,MHI,HIArch,Kauai,HIArch,Ttru,,HIArch
33953,All,MHI,HIArch,Kauai,HIArch,Ttru,,HIArch
33954,All,MHI,HIArch,Kauai,HIArch,Ttru,,HIArch
33960,All,MHI,HIArch,Kauai,HIArch,Ttru,,HIArch
33961,All,MHI,HIArch,Kauai,HIArch,Ttru,,HIArch
33962,All,MHI,HIArch,Kauai,HIArch,Ttru,,HIArch
33963,All,MHI,HIArch,Kauai,HIArch,Ttru,,HIArch
33967,All,MHI,HIArch,Kauai,HIArch,Ttru,,HIArch
33973,All,MHI,HIArch,Kauai,HIArch,Ttru,,HIArch
33974,All,MHI,HIArch,Kauai,HIArch,Ttru,,HIArch
33975,All,MHI,HIArch,Kauai,HIArch,Ttru,,HIArch
33976,All,MHI,HIArch,Kauai,HIArch,Ttru,,HIArch
33977,All,MHI,HIArch,Kauai,HIArch,Ttru,,HIArch
33978,All,MHI,HIArch,Kauai,HIArch,Ttru,,HIArch
33986,All,MHI,HIArch,Kauai,HIArch,Ttru,,HIArch
34019,All,MHI,HIArch,Kauai,HIArch,Ttru,,HIArch
34022,All,MHI,HIArch,Kauai,HIArch,Ttru,,HIArch
34024,All,MHI,HIArch,Kauai,HIArch,Ttru,,HIArch
34025,All,MHI,HIArch,Kauai,HIArch,Ttru,,HIArch
34026,All,MHI,HIArch,Kauai,HIArch,Ttru,,HIArch
34027,All,MHI,HIArch,Kauai,HIArch,Ttru,,HIArch
34028,All,MHI,HIArch,Kauai,HIArch,Ttru,,HIArch
34029,All,MHI,HIArch,Kauai,HIArch,Ttru,,HIArch
34030,All,MHI,HIArch,Kauai,HIArch,Ttru,,HIArch
34031,All,MHI,HIArch,Kauai,HIArch,Ttru,,HIArch
34032,All,MHI,HIArch,Kauai,HIArch,Ttru,,HIArch
34033,All,MHI,HIArch,Pelagic,HIArch,Ttru,,HIArch
34034,All,MHI,HIArch,Kauai,HIArch,Ttru,,HIArch
34035,All,MHI,HIArch,Kauai,HIArch,Ttru,,HIArch
34036,All,MHI,HIArch,Kauai,HIArch,Ttru,,HIArch
34037,All,MHI,HIArch,Kauai,HIArch,Ttru,,HIArch
34065,All,MHI,HIArch,Kauai,HIArch,Ttru,,HIArch
34066,All,MHI,HIArch,Kauai,HIArch,Ttru,,HIArch
34069,All,MHI,HIArch,Kauai,HIArch,Ttru,,HIArch
34070,All,MHI,HIArch,Kauai,HIArch,Ttru,,HIArch
34074,All,MHI,HIArch,Kauai,HIArch,Ttru,,HIArch
35852,All,MHI,HIArch,Oahu,HIArch,Ttru,,HIArch
35857,All,MHI,HIArch,BigIsland,HIArch,Ttru,,HIArch
45924,All,MHI,HIArch,BigIsland,HIArch,Ttru,,HIArch
45947,All,MHI,HIArch,BigIsland,HIArch,Ttru,,HIArch
45948,All,MHI,HIArch,BigIsland,HIArch,Ttru,,HIArch
45949,All,MHI,HIArch,BigIsland,HIArch,Ttru,,HIArch
45977,All,MHI,HIArch,BigIsland,HIArch,Ttru,,HIArch
47055,All,MHI,HIArch,4-Islands,HIArch,Ttru,,HIArch
47073,All,MHI,HIArch,4-Islands,HIArch,Ttru,,HIArch
47074,All,MHI,HIArch,4-Islands,HIArch,Ttru,,HIArch
47075,All,MHI,HIArch,4-Islands,HIArch,Ttru,,HIArch
47076,All,MHI,HIArch,4-Islands,HIArch,Ttru,,HIArch
47078,All,MHI,HIArch,4-Islands,HIArch,Ttru,,HIArch
47305,All,MHI,HIArch,BigIsland,HIArch,Ttru,,HIArch
47693,All,MHI,HIArch,BigIsland,HIArch,Ttru,,HIArch
47702,All,MHI,HIArch,BigIsland,HIArch,Ttru,,HIArch
47708,All,MHI,HIArch,BigIsland,HIArch,Ttru,,HIArch
51018,All,MHI,HIArch,Kauai,HIArch,Ttru,,HIArch
51021,All,MHI,HIArch,Kauai,HIArch,Ttru,,HIArch
51022,All,MHI,HIArch,Kauai,HIArch,Ttru,,HIArch
51039,All,MHI,HIArch,Kauai,HIArch,Ttru,,HIArch
51040,All,MHI,HIArch,Kauai,HIArch,Ttru,,HIArch
51041,All,MHI,HIArch,Kauai,HIArch,Ttru,,HIArch
51066,All,MHI,HIArch,Kauai,HIArch,Ttru,,HIArch
51067,All,MHI,HIArch,Kauai,HIArch,Ttru,,HIArch
51068,All,MHI,HIArch,Kauai,HIArch,Ttru,,HIArch
51069,All,MHI,HIArch,Kauai,HIArch,Ttru,,HIArch
51070,All,MHI,HIArch,Kauai,HIArch,Ttru,,HIArch
51071,All,MHI,HIArch,Kauai,HIArch,Ttru,,HIArch
51072,All,MHI,HIArch,Kauai,HIArch,Ttru,,HIArch
51073,All,MHI,HIArch,Kauai,HIArch,Ttru,,HIArch
51074,All,MHI,HIArch,Kauai,HIArch,Ttru,,HIArch
51075,All,MHI,HIArch,Kauai,HIArch,Ttru,,HIArch
51076,All,MHI,HIArch,Kauai,HIArch,Ttru,,HIArch
51077,All,MHI,HIArch,Kauai,HIArch,Ttru,,HIArch
51087,All,MHI,HIArch,Kauai,HIArch,Ttru,,HIArch
51092,All,MHI,HIArch,Kauai,HIArch,Ttru,,HIArch
53753,All,,NEPac,,,Ttru,,Pelagic
53946,All,MHI,HIArch,BigIsland,HIArch,Ttru,,HIArch
53952,All,MHI,HIArch,BigIsland,HIArch,Ttru,,HIArch
55189,All,MHI,HIArch,BigIsland,HIArch,Ttru,,HIArch
55190,All,MHI,HIArch,BigIsland,HIArch,Ttru,,HIArch
55202,All,MHI,HIArch,BigIsland,HIArch,Ttru,,HIArch
55203,All,MHI,HIArch,BigIsland,HIArch,Ttru,,HIArch
55204,All,MHI,HIArch,BigIsland,HIArch,Ttru,,HIArch
55205,All,MHI,HIArch,BigIsland,HIArch,Ttru,,HIArch
55249,All,MHI,HIArch,BigIsland,HIArch,Ttru,,HIArch
55250,All,MHI,HIArch,BigIsland,HIArch,Ttru,,HIArch
55251,All,MHI,HIArch,,HIArch,Ttru,,HIArch
55252,All,MHI,HIArch,BigIsland,HIArch,Ttru,,HIArch
55253,All,MHI,HIArch,BigIsland,HIArch,Ttru,,HIArch
61428,All,MHI,HIArch,BigIsland,HIArch,Ttru,,HIArch
61429,All,MHI,HIArch,BigIsland,HIArch,Ttru,,HIArch
61430,All,MHI,HIArch,BigIsland,HIArch,Ttru,,HIArch
61442,All,MHI,HIArch,BigIsland,HIArch,Ttru,,HIArch
61443,All,MHI,HIArch,BigIsland,HIArch,Ttru,,HIArch
67596,All,,NEPac,,,Ttru,,Pelagic
71009,All,MHI,HIArch,BigIsland,HIArch,Ttru,,HIArch
71010,All,MHI,HIArch,BigIsland,HIArch,Ttru,,HIArch
71011,All,MHI,HIArch,BigIsland,HIArch,Ttru,,HIArch
71012,All,MHI,HIArch,BigIsland,HIArch,Ttru,,HIArch
71013,All,MHI,HIArch,BigIsland,HIArch,Ttru,,HIArch
71019,All,MHI,HIArch,BigIsland,HIArch,Ttru,,HIArch
75651,All,MHI,HIArch,BigIsland,HIArch,Ttru,,HIArch
75652,All,MHI,HIArch,BigIsland,HIArch,Ttru,,HIArch
75653,All,MHI,HIArch,BigIsland,HIArch,Ttru,,HIArch
75667,All,MHI,HIArch,BigIsland,HIArch,Ttru,,HIArch
78742,All,MHI,HIArch,BigIsland,HIArch,Ttru,,HIArch
78743,All,MHI,HIArch,,HIArch,Ttru,,HIArch
78758,All,MHI,HIArch,BigIsland,HIArch,Ttru,,HIArch
78817,All,MHI,HIArch,,HIArch,Ttru,,HIArch
78818,All,MHI,HIArch,,HIArch,Ttru,,HIArch
78826,All,MHI,HIArch,BigIsland,HIArch,Ttru,,HIArch
78827,All,MHI,HIArch,BigIsland,HIArch,Ttru,,HIArch
79982,All,MHI,HIArch,BigIsland,HIArch,Ttru,,HIArch
79998,All,MHI,HIArch,BigIsland,HIArch,Ttru,,HIArch
88612,All,MHI,HIArch,BigIsland,HIArch,Ttru,,HIArch
92252,All,MHI,HIArch,4-Islands,HIArch,Ttru,,HIArch
92257,All,MHI,HIArch,Oahu,HIArch,Ttru,,HIArch
92259,All,MHI,HIArch,Oahu,HIArch,Ttru,,HIArch
102380,All,NWHI,HIArch,Midway,HIArch,Ttru,,HIArch
102381,All,NWHI,HIArch,Midway,HIArch,Ttru,,HIArch
102382,All,NWHI,HIArch,Midway,HIArch,Ttru,,HIArch
102383,All,NWHI,HIArch,Midway,HIArch,Ttru,,HIArch
102384,All,NWHI,HIArch,Midway,HIArch,Ttru,,HIArch
102385,All,NWHI,HIArch,Midway,HIArch,Ttru,,HIArch
102386,All,NWHI,HIArch,Midway,HIArch,Ttru,,HIArch
102387,All,NWHI,HIArch,Midway,HIArch,Ttru,,HIArch
102389,All,NWHI,HIArch,Midway,HIArch,Ttru,,HIArch
102390,All,NWHI,HIArch,Midway,HIArch,Ttru,,HIArch
102391,All,NWHI,HIArch,Midway,HIArch,Ttru,,HIArch
102392,All,NWHI,HIArch,Midway,HIArch,Ttru,,HIArch
102393,All,NWHI,HIArch,,HIArch,Ttru,,HIArch
102394,All,NWHI,HIArch,Midway,HIArch,Ttru,,HIArch
102395,All,NWHI,HIArch,Midway,HIArch,Ttru,,HIArch
102396,All,NWHI,HIArch,Midway,HIArch,Ttru,,HIArch
102397,All,NWHI,HIArch,Midway,HIArch,Ttru,,HIArch
102398,All,NWHI,HIArch,Midway,HIArch,Ttru,,HIArch
102399,All,NWHI,HIArch,Midway,HIArch,Ttru,,HIArch
102400,All,NWHI,HIArch,Midway,HIArch,Ttru,,HIArch
102401,All,NWHI,HIArch,Midway,HIArch,Ttru,,HIArch
102402,All,NWHI,HIArch,Midway,HIArch,Ttru,,HIArch
102403,All,NWHI,HIArch,Midway,HIArch,Ttru,,HIArch
102404,All,NWHI,HIArch,Midway,HIArch,Ttru,,HIArch
102405,All,NWHI,HIArch,Midway,HIArch,Ttru,,HIArch
102406,All,NWHI,HIArch,Midway,HIArch,Ttru,,HIArch
102422,All,NWHI,HIArch,FFS,HIArch,Ttru,,HIArch
102423,All,NWHI,HIArch,FFS,HIArch,Ttru,,HIArch
102424,All,NWHI,HIArch,FFS,HIArch,Ttru,,HIArch
102425,All,NWHI,HIArch,FFS,HIArch,Ttru,,HIArch
102426,All,NWHI,HIArch,,HIArch,Ttru,,HIArch
102427,All,NWHI,HIArch,NeckerIsland,HIArch,Ttru,,HIArch
102428,All,NWHI,HIArch,NeckerIsland,HIArch,Ttru,,HIArch
102429,All,NWHI,HIArch,NeckerIsland,HIArch,Ttru,,HIArch
102430,All,NWHI,HIArch,,HIArch,Ttru,,HIArch
102482,All,MHI,HIArch,Oahu,HIArch,Ttru,,HIArch
102499,All,MHI,HIArch,,HIArch,Ttru,,HIArch
103984,All,MHI,HIArch,BigIsland,HIArch,Ttru,,HIArch
103985,All,MHI,HIArch,BigIsland,HIArch,Ttru,,HIArch
103986,All,MHI,HIArch,BigIsland,HIArch,Ttru,,HIArch
104020,All,MHI,HIArch,,HIArch,Ttru,,HIArch
104021,All,MHI,HIArch,BigIsland,HIArch,Ttru,,HIArch
104022,All,MHI,HIArch,BigIsland,HIArch,Ttru,,HIArch
104035,All,CNMI,CNMI,,CNMI,CNMI,CNMI,CNMI
104066,All,CNMI,CNMI,,CNMI,CNMI,,CNMI
104067,All,CNMI,CNMI,,CNMI,CNMI,CNMI,CNMI
104070,All,CNMI,CNMI,,CNMI,CNMI,CNMI,CNMI
107857,All,MHI,HIArch,BigIsland,HIArch,Ttru,,HIArch
107859,All,MHI,HIArch,BigIsland,HIArch,Ttru,,HIArch
108171,All,CNMI,CNMI,,CNMI,CNMI,CNMI,CNMI
108172,All,CNMI,CNMI,,CNMI,CNMI,CNMI,CNMI
108183,All,CNMI,CNMI,,CNMI,CNMI,CNMI,CNMI
108207,All,CNMI,CNMI,,CNMI,CNMI,,CNMI
108208,All,CNMI,CNMI,,CNMI,CNMI,,CNMI
113577,All,MHI,HIArch,,HIArch,Ttru,,HIArch
113578,All,MHI,HIArch,BigIsland,HIArch,Ttru,,HIArch
113652,All,MHI,HIArch,4-Islands,HIArch,Ttru,,HIArch
114559,All,MHI,HIArch,Kauai,HIArch,Ttru,,HIArch
114560,All,MHI,HIArch,Kauai,HIArch,Ttru,,HIArch
114561,All,MHI,HIArch,Kauai,HIArch,Ttru,,HIArch
114562,All,MHI,HIArch,Kauai,HIArch,Ttru,,HIArch
114563,All,MHI,HIArch,Kauai,HIArch,Ttru,,HIArch
114941,All,NWHI,HIArch,GardnerValley,HIArch,Ttru,,HIArch
114942,All,NWHI,HIArch,GardnerValley,HIArch,Ttru,,HIArch
114943,All,NWHI,HIArch,GardnerValley,HIArch,Ttru,,HIArch
114944,All,NWHI,HIArch,GardnerValley,HIArch,Ttru,,HIArch
114958,All,NWHI,HIArch,FFS,HIArch,Ttru,,HIArch
114961,All,NWHI,HIArch,FFS,HIArch,Ttru,,HIArch
114962,All,NWHI,HIArch,FFS,HIArch,Ttru,,HIArch
116858,All,CNMI,CNMI,,CNMI,CNMI,CNMI,CNMI
116866,All,CNMI,CNMI,,CNMI,CNMI,CNMI,CNMI
116867,All,CNMI,CNMI,,CNMI,CNMI,,CNMI
116868,All,CNMI,CNMI,,CNMI,CNMI,,CNMI
116869,All,CNMI,CNMI,,CNMI,CNMI,CNMI,CNMI
116881,All,CNMI,CNMI,,CNMI,CNMI,CNMI,CNMI
123253,All,MHI,HIArch,,HIArch,Ttru,,HIArch
123357,All,NWHI,HIArch,GardnerValley,HIArch,Ttru,,HIArch
123358,All,NWHI,HIArch,GardnerValley,HIArch,Ttru,,HIArch
123359,All,NWHI,HIArch,GardnerValley,HIArch,Ttru,,HIArch
123364,All,NWHI,HIArch,FFS,HIArch,Ttru,,HIArch
123365,All,NWHI,HIArch,FFS,HIArch,Ttru,,HIArch
123366,All,NWHI,HIArch,FFS,HIArch,Ttru,,HIArch
123372,All,NWHI,HIArch,Nihoa,HIArch,Ttru,,HIArch
123373,All,NWHI,HIArch,Nihoa,HIArch,Ttru,,HIArch
123374,All,NWHI,HIArch,Nihoa,HIArch,Ttru,,HIArch
123375,All,MHI,HIArch,,HIArch,Ttru,,HIArch
123376,All,NWHI,HIArch,Nihoa,HIArch,Ttru,,HIArch
123377,All,NWHI,HIArch,Nihoa,HIArch,Ttru,,HIArch
123380,All,NWHI,HIArch,FFS,HIArch,Ttru,,HIArch
133152,All,MHI,HIArch,Kauai,HIArch,Ttru,,HIArch
133153,All,MHI,HIArch,Kauai,HIArch,Ttru,,HIArch
133157,All,MHI,HIArch,Kauai,HIArch,Ttru,,HIArch
133158,All,MHI,HIArch,Kauai,HIArch,Ttru,,HIArch
133159,All,MHI,HIArch,Kauai,HIArch,Ttru,,HIArch
133162,All,MHI,HIArch,Kauai,HIArch,Ttru,,HIArch
133163,All,MHI,HIArch,Kauai,HIArch,Ttru,,HIArch
133164,All,MHI,HIArch,Kauai,HIArch,Ttru,,HIArch
133165,All,MHI,HIArch,Kauai,HIArch,Ttru,,HIArch
133166,All,MHI,HIArch,Kauai,HIArch,Ttru,,HIArch
133167,All,MHI,HIArch,Kauai,HIArch,Ttru,,HIArch
133181,All,MHI,HIArch,Kauai,HIArch,Ttru,,HIArch
133182,All,MHI,HIArch,Kauai,HIArch,Ttru,,HIArch
133183,All,MHI,HIArch,Kauai,HIArch,Ttru,,HIArch
133184,All,MHI,HIArch,Kauai,HIArch,Ttru,,HIArch
133185,All,MHI,HIArch,Kauai,HIArch,Ttru,,HIArch
133186,All,MHI,HIArch,Kauai,HIArch,Ttru,,HIArch
133193,All,MHI,HIArch,Pelagic,HIArch,Ttru,,HIArch
143738,All,CNMI,CNMI,,CNMI,CNMI,CNMI,CNMI
143752,All,CNMI,CNMI,,CNMI,CNMI,CNMI,CNMI
159727,All,CNMI,CNMI,,CNMI,CNMI,CNMI,CNMI
159745,All,CNMI,CNMI,,CNMI,CNMI,,CNMI
159770,All,CNMI,CNMI,,CNMI,CNMI,,CNMI
159771,All,CNMI,CNMI,,CNMI,CNMI,,CNMI
159772,All,CNMI,CNMI,,CNMI,CNMI,CNMI,CNMI
159773,All,CNMI,CNMI,,CNMI,CNMI,,CNMI
159774,All,CNMI,CNMI,,CNMI,CNMI,,CNMI
159776,All,CNMI,CNMI,,CNMI,CNMI,,CNMI
159777,All,CNMI,CNMI,,CNMI,CNMI,,CNMI
159778,All,CNMI,CNMI,,CNMI,CNMI,CNMI,CNMI
159780,All,CNMI,CNMI,,CNMI,CNMI,,CNMI
159781,All,CNMI,CNMI,,CNMI,CNMI,,CNMI
175294,All,CNMI,CNMI,,CNMI,CNMI,CNMI,CNMI
185379,All,CNMI,CNMI,,CNMI,CNMI,CNMI,CNMI
185380,All,CNMI,CNMI,,CNMI,CNMI,CNMI,CNMI
185381,All,CNMI,CNMI,,CNMI,CNMI,CNMI,CNMI
185382,All,CNMI,CNMI,,CNMI,CNMI,CNMI,CNMI
197356,All,CNMI,CNMI,,CNMI,CNMI,CNMI,CNMI
197366,All,CNMI,WPac,,CNMI,CNMI,CNMI,CNMI
197367,All,CNMI,WPac,,CNMI,CNMI,CNMI,CNMI
197368,All,CNMI,WPac,,CNMI,CNMI,CNMI,CNMI
197370,All,CNMI,CNMI,,CNMI,CNMI,CNMI,CNMI
197396,All,CNMI,CNMI,,CNMI,CNMI,CNMI,CNMI