,LABID,FIELDID,Animal_ID,SOURCE,Collection_Method,CONTACT_NAME,Organization,Label,LAB,SpCode,SpType,Species_Type,SpName,Genus,Species,CommonName,USE,Restrict_Description,YR,MO,DA,Location,City,Island,County,State,Country,Latitude,Latitude_Precision,Latitude_Precision_Unit,Longitude,Longitude_Precision,Longitude_Precision_Unit,OBasin,Ocean_Basin,SEX,Gender_Determination,ACCESSIONDATE,GENBANK.,GENBANK1,GENBANK2,GENBANK3,COMMENTS,Record_Creation_Date,Edit_User,Edit_Date
2086,51018,RWB2005OCT15.01,210366,BIOPSY-CASCADIA-BAIRD,BIOPSY (PROJECTILE),NA,NA,NA,SJC,18,C,CETACEA,T tru,Tursiops,truncatus,Bottlenose dolphin,Y,Donator requested that PI request permission to use in study,2005,10,15,,,Kauai,,HAWAII,UNITED STATES OF AMERICA,21.966666,1,Minute,-159.733333,1,Minute,1,North Pacific,F,Molecular determination: ZFX/ZFY 5' exonuclease qPCR assay developed at SWFSC.,12/5/05 0:00,,NA,NA,NA,,5/31/12 16:12,Dan Prosperi,9/17/21 8:04
2087,51021,RWB2005OCT16.01,210369,BIOPSY-CASCADIA-BAIRD,BIOPSY (PROJECTILE),NA,NA,NA,SJC,18,C,CETACEA,T tru,Tursiops,truncatus,Bottlenose dolphin,Y,Donator requested that PI request permission to use in study,2005,10,16,,,Kauai,,HAWAII,UNITED STATES OF AMERICA,21.9,1,Minute,-159.666666,1,Minute,1,North Pacific,M,Molecular determination: ZFX/ZFY 5' exonuclease qPCR assay developed at SWFSC.,12/5/05 0:00,,NA,NA,NA,,5/31/12 16:12,Dan Prosperi,9/17/21 8:04
2088,51022,RWB2005OCT16.02,210370,BIOPSY-CASCADIA-BAIRD,BIOPSY (PROJECTILE),NA,NA,NA,SJC,18,C,CETACEA,T tru,Tursiops,truncatus,Bottlenose dolphin,Y,Donator requested that PI request permission to use in study,2005,10,16,,,Kauai,,HAWAII,UNITED STATES OF AMERICA,21.9,1,Minute,-159.666666,1,Minute,1,North Pacific,M,Molecular determination: ZFX/ZFY 5' exonuclease qPCR assay developed at SWFSC.,12/5/05 0:00,,NA,NA,NA,,5/31/12 16:12,Dan Prosperi,9/17/21 8:04
2089,51039,RWB2005OCT26.01,210387,BIOPSY-CASCADIA-BAIRD,BIOPSY (PROJECTILE),NA,NA,NA,SJC,18,C,CETACEA,T tru,Tursiops,truncatus,Bottlenose dolphin,Y,Donator requested that PI request permission to use in study,2005,10,26,,,Kauai,,HAWAII,UNITED STATES OF AMERICA,22.066666,1,Minute,-159.816666,1,Minute,1,North Pacific,F,Molecular determination: ZFX/ZFY 5' exonuclease qPCR assay developed at SWFSC.,12/5/05 0:00,,NA,NA,NA,,5/31/12 16:12,Dan Prosperi,9/17/21 8:04
2090,51040,RWB2005OCT26.02,210388,BIOPSY-CASCADIA-BAIRD,BIOPSY (PROJECTILE),NA,NA,NA,SJC,18,C,CETACEA,T tru,Tursiops,truncatus,Bottlenose dolphin,Y,Donator requested that PI request permission to use in study,2005,10,26,,,Kauai,,HAWAII,UNITED STATES OF AMERICA,22.066666,1,Minute,-159.816666,1,Minute,1,North Pacific,F,Molecular determination: ZFX/ZFY 5' exonuclease qPCR assay developed at SWFSC.,12/5/05 0:00,,NA,NA,NA,Same individual as Z51088 confirmed by photot-id data per Annie Gorgone.,5/31/12 16:12,Dan Prosperi,9/17/21 8:04
2091,51041,RWB2005OCT26.03,210389,BIOPSY-CASCADIA-BAIRD,BIOPSY (PROJECTILE),NA,NA,NA,SJC,18,C,CETACEA,T tru,Tursiops,truncatus,Bottlenose dolphin,Y,Donator requested that PI request permission to use in study,2005,10,26,,,Kauai,,HAWAII,UNITED STATES OF AMERICA,22.066666,1,Minute,-159.8,1,Minute,1,North Pacific,F,Molecular determination: ZFX/ZFY 5' exonuclease qPCR assay developed at SWFSC.,12/5/05 0:00,,NA,NA,NA,,5/31/12 16:12,Dan Prosperi,9/17/21 8:04
2092,51066,RWB2005NOV05.01,210414,BIOPSY-CASCADIA-BAIRD,BIOPSY (PROJECTILE),NA,NA,NA,SJC,18,C,CETACEA,T tru,Tursiops,truncatus,Bottlenose dolphin,Y,Donator requested that PI request permission to use in study,2005,11,5,,,Kauai,,HAWAII,UNITED STATES OF AMERICA,22.016666,1,Minute,-159.8,1,Minute,1,North Pacific,M,Molecular determination: ZFX/ZFY 5' exonuclease qPCR assay developed at SWFSC.,12/5/05 0:00,,NA,NA,NA,,5/31/12 16:12,Dan Prosperi,9/17/21 8:04
2093,51067,RWB2005NOV05.02,210415,BIOPSY-CASCADIA-BAIRD,BIOPSY (PROJECTILE),NA,NA,NA,SJC,18,C,CETACEA,T tru,Tursiops,truncatus,Bottlenose dolphin,Y,Donator requested that PI request permission to use in study,2005,11,5,,,Kauai,,HAWAII,UNITED STATES OF AMERICA,22.016666,1,Minute,-159.8,1,Minute,1,North Pacific,F,Molecular determination: ZFX/ZFY 5' exonuclease qPCR assay developed at SWFSC.,12/5/05 0:00,,NA,NA,NA,,5/31/12 16:12,Dan Prosperi,9/17/21 8:04
2094,51068,RWB2005NOV06.01,210416,BIOPSY-CASCADIA-BAIRD,BIOPSY (PROJECTILE),NA,NA,NA,SJC,18,C,CETACEA,T tru,Tursiops,truncatus,Bottlenose dolphin,Y,Donator requested that PI request permission to use in study,2005,11,6,,,Kauai,,HAWAII,UNITED STATES OF AMERICA,22.1,1,Minute,-159.85,1,Minute,1,North Pacific,F,Molecular determination: ZFX/ZFY 5' exonuclease qPCR assay developed at SWFSC.,12/5/05 0:00,,NA,NA,NA,,5/31/12 16:12,Dan Prosperi,9/17/21 8:04
2095,51069,RWB2005NOV06.02,210417,BIOPSY-CASCADIA-BAIRD,BIOPSY (PROJECTILE),NA,NA,NA,SJC,18,C,CETACEA,T tru,Tursiops,truncatus,Bottlenose dolphin,Y,Donator requested that PI request permission to use in study,2005,11,6,,,Kauai,,HAWAII,UNITED STATES OF AMERICA,22.1,1,Minute,-159.85,1,Minute,1,North Pacific,M,Molecular determination: ZFX/ZFY 5' exonuclease qPCR assay developed at SWFSC.,12/5/05 0:00,,NA,NA,NA,,5/31/12 16:12,Dan Prosperi,9/17/21 8:04
2096,51070,RWB2005NOV06.03,210418,BIOPSY-CASCADIA-BAIRD,BIOPSY (PROJECTILE),NA,NA,NA,SJC,18,C,CETACEA,T tru,Tursiops,truncatus,Bottlenose dolphin,Y,Donator requested that PI request permission to use in study,2005,11,6,,,Kauai,,HAWAII,UNITED STATES OF AMERICA,22.1,1,Minute,-159.85,1,Minute,1,North Pacific,F,Molecular determination: ZFX/ZFY 5' exonuclease qPCR assay developed at SWFSC.,12/5/05 0:00,,NA,NA,NA,,5/31/12 16:12,Dan Prosperi,9/17/21 8:04
2097,51071,RWB2005NOV06.04,210419,BIOPSY-CASCADIA-BAIRD,BIOPSY (PROJECTILE),NA,NA,NA,SJC,18,C,CETACEA,T tru,Tursiops,truncatus,Bottlenose dolphin,Y,Donator requested that PI request permission to use in study,2005,11,6,,,Kauai,,HAWAII,UNITED STATES OF AMERICA,22.1,1,Minute,-159.833333,1,Minute,1,North Pacific,F,Molecular determination: ZFX/ZFY 5' exonuclease qPCR assay developed at SWFSC.,12/5/05 0:00,,NA,NA,NA,,5/31/12 16:12,Dan Prosperi,9/17/21 8:04
2098,51072,RWB2005NOV06.05,210420,BIOPSY-CASCADIA-BAIRD,BIOPSY (PROJECTILE),NA,NA,NA,SJC,18,C,CETACEA,T tru,Tursiops,truncatus,Bottlenose dolphin,Y,Donator requested that PI request permission to use in study,2005,11,6,,,Kauai,,HAWAII,UNITED STATES OF AMERICA,22.116666,1,Minute,-159.833333,1,Minute,1,North Pacific,M,Molecular determination: ZFX/ZFY 5' exonuclease qPCR assay developed at SWFSC.,12/5/05 0:00,,NA,NA,NA,,5/31/12 16:12,Dan Prosperi,9/17/21 8:04
2099,51073,RWB2005NOV06.06,210421,BIOPSY-CASCADIA-BAIRD,BIOPSY (PROJECTILE),NA,NA,NA,SJC,18,C,CETACEA,T tru,Tursiops,truncatus,Bottlenose dolphin,Y,Donator requested that PI request permission to use in study,2005,11,6,,,Kauai,,HAWAII,UNITED STATES OF AMERICA,22.116666,1,Minute,-159.833333,1,Minute,1,North Pacific,M,Molecular determination: ZFX/ZFY 5' exonuclease qPCR assay developed at SWFSC.,12/5/05 0:00,,NA,NA,NA,,5/31/12 16:12,Dan Prosperi,9/17/21 8:04
2100,51074,RWB2005NOV06.07,210422,BIOPSY-CASCADIA-BAIRD,BIOPSY (PROJECTILE),NA,NA,NA,SJC,18,C,CETACEA,T tru,Tursiops,truncatus,Bottlenose dolphin,Y,Donator requested that PI request permission to use in study,2005,11,6,,,Kauai,,HAWAII,UNITED STATES OF AMERICA,22.1,1,Minute,-159.85,1,Minute,1,North Pacific,M,Molecular determination: ZFX/ZFY 5' exonuclease qPCR assay developed at SWFSC.,12/5/05 0:00,,NA,NA,NA,,5/31/12 16:12,Dan Prosperi,9/17/21 8:04
2101,51075,RWB2005NOV06.08,210423,BIOPSY-CASCADIA-BAIRD,BIOPSY (PROJECTILE),NA,NA,NA,SJC,18,C,CETACEA,T tru,Tursiops,truncatus,Bottlenose dolphin,Y,Donator requested that PI request permission to use in study,2005,11,6,,,Kauai,,HAWAII,UNITED STATES OF AMERICA,22.1,1,Minute,-159.85,1,Minute,1,North Pacific,M,Molecular determination: ZFX/ZFY 5' exonuclease qPCR assay developed at SWFSC.,12/5/05 0:00,,NA,NA,NA,,5/31/12 16:12,Dan Prosperi,9/17/21 8:04
2102,51076,RWB2005NOV06.09,210424,BIOPSY-CASCADIA-BAIRD,BIOPSY (PROJECTILE),NA,NA,NA,SJC,18,C,CETACEA,T tru,Tursiops,truncatus,Bottlenose dolphin,Y,Donator requested that PI request permission to use in study,2005,11,6,,,Kauai,,HAWAII,UNITED STATES OF AMERICA,22.1,1,Minute,-159.85,1,Minute,1,North Pacific,F,Molecular determination: ZFX/ZFY 5' exonuclease qPCR assay developed at SWFSC.,12/5/05 0:00,,NA,NA,NA,,5/31/12 16:12,Dan Prosperi,9/17/21 8:04
2103,51077,RWB2005NOV06.10,210425,BIOPSY-CASCADIA-BAIRD,BIOPSY (PROJECTILE),NA,NA,NA,SJC,18,C,CETACEA,T tru,Tursiops,truncatus,Bottlenose dolphin,Y,Donator requested that PI request permission to use in study,2005,11,6,,,Kauai,,HAWAII,UNITED STATES OF AMERICA,21.95,1,Minute,-159.716666,1,Minute,1,North Pacific,F,Molecular determination: ZFX/ZFY 5' exonuclease qPCR assay developed at SWFSC.,12/5/05 0:00,,NA,NA,NA,,5/31/12 16:12,Dan Prosperi,9/17/21 8:04
2104,51087,RWB2005NOV10.01,210435,BIOPSY-CASCADIA-BAIRD,BIOPSY (PROJECTILE),NA,NA,NA,SJC,18,C,CETACEA,T tru,Tursiops,truncatus,Bottlenose dolphin,Y,Donator requested that PI request permission to use in study,2005,11,10,,,Kauai,,HAWAII,UNITED STATES OF AMERICA,21.933333,1,Minute,-159.7,1,Minute,1,North Pacific,M,Molecular determination: ZFX/ZFY 5' exonuclease qPCR assay developed at SWFSC.,12/5/05 0:00,,NA,NA,NA,,5/31/12 16:12,Dan Prosperi,9/17/21 8:04
2106,51092,RWB2005NOV14.01,210440,BIOPSY-CASCADIA-BAIRD,BIOPSY (PROJECTILE),NA,NA,NA,SJC,18,C,CETACEA,T tru,Tursiops,truncatus,Bottlenose dolphin,Y,Donator requested that PI request permission to use in study,2005,11,14,,,Kauai,,HAWAII,UNITED STATES OF AMERICA,21.95,1,Minute,-159.716666,1,Minute,1,North Pacific,F,Molecular determination: ZFX/ZFY 5' exonuclease qPCR assay developed at SWFSC.,12/5/05 0:00,,NA,NA,NA,,5/31/12 16:12,Dan Prosperi,9/17/21 8:04
2123,55189,RWB2006APR16.04,212784,BIOPSY-CASCADIA-BAIRD,BIOPSY (PROJECTILE),NA,NA,NA,SJC,18,C,CETACEA,T tru,Tursiops,truncatus,Bottlenose dolphin,Y,Donator requested that PI request permission to use in study,2006,4,16,,,,,HAWAII,UNITED STATES OF AMERICA,19.266666,1,Minute,-156.183333,1,Minute,1,North Pacific,M,Molecular determination: ZFX/ZFY 5' exonuclease qPCR assay developed at SWFSC.,5/15/06 0:00,,NA,NA,NA,,5/31/12 16:13,Dan Prosperi,9/17/21 8:04
2124,55190,RWB2006APR16.05,212785,BIOPSY-CASCADIA-BAIRD,BIOPSY (PROJECTILE),NA,NA,NA,SJC,18,C,CETACEA,T tru,Tursiops,truncatus,Bottlenose dolphin,Y,Donator requested that PI request permission to use in study,2006,4,16,,,,,HAWAII,UNITED STATES OF AMERICA,19.266666,1,Minute,-156.183333,1,Minute,1,North Pacific,F,Molecular determination: ZFX/ZFY 5' exonuclease qPCR assay developed at SWFSC.,5/15/06 0:00,,NA,NA,NA,,5/31/12 16:13,Dan Prosperi,9/17/21 8:04
2125,55202,RWB2006APR23.01,212797,BIOPSY-CASCADIA-BAIRD,BIOPSY (PROJECTILE),NA,NA,NA,SJC,18,C,CETACEA,T tru,Tursiops,truncatus,Bottlenose dolphin,Y,Donator requested that PI request permission to use in study,2006,4,23,,,,,HAWAII,UNITED STATES OF AMERICA,19.65,1,Minute,-156.05,1,Minute,1,North Pacific,F,Molecular determination: ZFX/ZFY 5' exonuclease qPCR assay developed at SWFSC.,5/15/06 0:00,,NA,NA,NA,,5/31/12 16:13,Dan Prosperi,9/17/21 8:04
2126,55203,RWB2006APR23.02,212798,BIOPSY-CASCADIA-BAIRD,BIOPSY (PROJECTILE),NA,NA,NA,SJC,18,C,CETACEA,T tru,Tursiops,truncatus,Bottlenose dolphin,Y,Donator requested that PI request permission to use in study,2006,4,23,,,,,HAWAII,UNITED STATES OF AMERICA,19.65,1,Minute,-156.05,1,Minute,1,North Pacific,M,Molecular determination: ZFX/ZFY 5' exonuclease qPCR assay developed at SWFSC.,5/15/06 0:00,,NA,NA,NA,,5/31/12 16:13,Dan Prosperi,9/17/21 8:04
2127,55204,RWB2006APR23.03,212799,BIOPSY-CASCADIA-BAIRD,BIOPSY (PROJECTILE),NA,NA,NA,SJC,18,C,CETACEA,T tru,Tursiops,truncatus,Bottlenose dolphin,Y,Donator requested that PI request permission to use in study,2006,4,23,,,,,HAWAII,UNITED STATES OF AMERICA,19.65,1,Minute,-156.05,1,Minute,1,North Pacific,M,Molecular determination: ZFX/ZFY 5' exonuclease qPCR assay developed at SWFSC.,5/15/06 0:00,,NA,NA,NA,,5/31/12 16:13,Dan Prosperi,9/17/21 8:04
2128,55205,RWB2006APR23.04,212800,BIOPSY-CASCADIA-BAIRD,BIOPSY (PROJECTILE),NA,NA,NA,SJC,18,C,CETACEA,T tru,Tursiops,truncatus,Bottlenose dolphin,Y,Donator requested that PI request permission to use in study,2006,4,23,,,,,HAWAII,UNITED STATES OF AMERICA,19.65,1,Minute,-156.05,1,Minute,1,North Pacific,M,Molecular determination: ZFX/ZFY 5' exonuclease qPCR assay developed at SWFSC.,5/15/06 0:00,,NA,NA,NA,,5/31/12 16:13,Dan Prosperi,9/17/21 8:04
2129,55249,RWB2006MAR24.01,212844,BIOPSY-CASCADIA-BAIRD,BIOPSY (PROJECTILE),NA,NA,NA,SJC,18,C,CETACEA,T tru,Tursiops,truncatus,Bottlenose dolphin,Y,Donator requested that PI request permission to use in study,2006,3,24,,,,,HAWAII,UNITED STATES OF AMERICA,19.883333,1,Minute,-156.1,1,Minute,1,North Pacific,M,Molecular determination: ZFX/ZFY 5' exonuclease qPCR assay developed at SWFSC.,5/15/06 0:00,,NA,NA,NA,"Same individual as Z55251, confirmed genetically",5/31/12 16:13,Dan Prosperi,9/17/21 8:04
2130,55250,RWB2006MAR24.02,212845,BIOPSY-CASCADIA-BAIRD,BIOPSY (PROJECTILE),NA,NA,NA,SJC,18,C,CETACEA,T tru,Tursiops,truncatus,Bottlenose dolphin,Y,Donator requested that PI request permission to use in study,2006,3,24,,,,,HAWAII,UNITED STATES OF AMERICA,19.883333,1,Minute,-156.1,1,Minute,1,North Pacific,F,Molecular determination: ZFX/ZFY 5' exonuclease qPCR assay developed at SWFSC.,5/15/06 0:00,,NA,NA,NA,"Same individual as Z78743 & Z104020, confirmed genetically",5/31/12 16:13,Dan Prosperi,9/17/21 8:04
2132,55252,RWB2006MAR24.04,212847,BIOPSY-CASCADIA-BAIRD,BIOPSY (PROJECTILE),NA,NA,NA,SJC,18,C,CETACEA,T tru,Tursiops,truncatus,Bottlenose dolphin,Y,Donator requested that PI request permission to use in study,2006,3,24,,,,,HAWAII,UNITED STATES OF AMERICA,19.883333,1,Minute,-156.116666,1,Minute,1,North Pacific,M,Molecular determination: ZFX/ZFY 5' exonuclease qPCR assay developed at SWFSC.,5/15/06 0:00,,NA,NA,NA,"Same individual as Z123253, confirmed genetically",5/31/12 16:13,Dan Prosperi,9/17/21 8:04
2133,55253,RWB2006MAR24.05,212848,BIOPSY-CASCADIA-BAIRD,BIOPSY (PROJECTILE),NA,NA,NA,SJC,18,C,CETACEA,T tru,Tursiops,truncatus,Bottlenose dolphin,Y,Donator requested that PI request permission to use in study,2006,3,24,,,,,HAWAII,UNITED STATES OF AMERICA,19.883333,1,Minute,-156.116666,1,Minute,1,North Pacific,M,Molecular determination: ZFX/ZFY 5' exonuclease qPCR assay developed at SWFSC.,5/15/06 0:00,,NA,NA,NA,,5/31/12 16:13,Dan Prosperi,9/17/21 8:04
2158,61428,RWB2006NOV22.01,214867,BIOPSY-CASCADIA-BAIRD,BIOPSY (PROJECTILE),NA,NA,NA,ARC,18,C,CETACEA,T tru,Tursiops,truncatus,Bottlenose dolphin,Y,Donator requested that PI request permission to use in study,2006,11,22,,,,,HAWAII,UNITED STATES OF AMERICA,19.766666,1,Minute,-156.1,1,Minute,1,North Pacific,M,Molecular determination: ZFX/ZFY 5' exonuclease qPCR assay developed at SWFSC.,1/8/07 0:00,,NA,NA,NA,,5/31/12 16:14,Dan Prosperi,9/17/21 8:04
2159,61429,RWB2006NOV22.02,214868,BIOPSY-CASCADIA-BAIRD,BIOPSY (PROJECTILE),NA,NA,NA,ARC,18,C,CETACEA,T tru,Tursiops,truncatus,Bottlenose dolphin,Y,Donator requested that PI request permission to use in study,2006,11,22,,,,,HAWAII,UNITED STATES OF AMERICA,19.766666,1,Minute,-156.1,1,Minute,1,North Pacific,F,Molecular determination: ZFX/ZFY 5' exonuclease qPCR assay developed at SWFSC.,1/8/07 0:00,,NA,NA,NA,two tries,5/31/12 16:14,Dan Prosperi,9/17/21 8:04
2160,61430,RWB2006NOV22.03,214869,BIOPSY-CASCADIA-BAIRD,BIOPSY (PROJECTILE),NA,NA,NA,ARC,18,C,CETACEA,T tru,Tursiops,truncatus,Bottlenose dolphin,Y,Donator requested that PI request permission to use in study,2006,11,22,,,,,HAWAII,UNITED STATES OF AMERICA,19.766666,1,Minute,-156.1,1,Minute,1,North Pacific,F,Molecular determination: ZFX/ZFY 5' exonuclease qPCR assay developed at SWFSC.,1/8/07 0:00,,NA,NA,NA,,5/31/12 16:14,Dan Prosperi,9/17/21 8:04
2161,61442,RWB2006DEC07.03,214881,BIOPSY-CASCADIA-BAIRD,BIOPSY (PROJECTILE),NA,NA,NA,ARC,18,C,CETACEA,T tru,Tursiops,truncatus,Bottlenose dolphin,Y,Donator requested that PI request permission to use in study,2006,12,7,,,,,HAWAII,UNITED STATES OF AMERICA,19.533333,1,Minute,-156.016666,1,Minute,1,North Pacific,M,Molecular determination: ZFX/ZFY 5' exonuclease qPCR assay developed at SWFSC.,1/8/07 0:00,,NA,NA,NA,,5/31/12 16:14,Dan Prosperi,9/17/21 8:04
2162,61443,RWB2006DEC07.04,214882,BIOPSY-CASCADIA-BAIRD,BIOPSY (PROJECTILE),NA,NA,NA,ARC,18,C,CETACEA,T tru,Tursiops,truncatus,Bottlenose dolphin,Y,Donator requested that PI request permission to use in study,2006,12,7,,,,,HAWAII,UNITED STATES OF AMERICA,19.533333,1,Minute,-156,1,Minute,1,North Pacific,F,Molecular determination: ZFX/ZFY 5' exonuclease qPCR assay developed at SWFSC.,1/8/07 0:00,,NA,NA,NA,,5/31/12 16:14,Dan Prosperi,9/17/21 8:04
2267,71009,RWB2007AUG09.02,218650,BIOPSY-CASCADIA-BAIRD,BIOPSY (PROJECTILE),NA,NA,NA,ARC,18,C,CETACEA,T tru,Tursiops,truncatus,Bottlenose dolphin,Y,Donator requested that PI request permission to use in study,2007,8,9,,,Hawaii,,HAWAII,UNITED STATES OF AMERICA,19.7,1,Minute,-156.05,1,Minute,1,North Pacific,M,Molecular determination: ZFX/ZFY 5' exonuclease qPCR assay developed at SWFSC.,11/9/07 0:00,,NA,NA,NA,"Same individual as Z78818, confirmed genetically",5/31/12 16:17,Dan Prosperi,9/17/21 8:04
2268,71010,RWB2007AUG09.03,218651,BIOPSY-CASCADIA-BAIRD,BIOPSY (PROJECTILE),NA,NA,NA,ARC,18,C,CETACEA,T tru,Tursiops,truncatus,Bottlenose dolphin,Y,Donator requested that PI request permission to use in study,2007,8,9,,,Hawaii,,HAWAII,UNITED STATES OF AMERICA,19.683333,1,Minute,-156.05,1,Minute,1,North Pacific,F,Molecular determination: ZFX/ZFY 5' exonuclease qPCR assay developed at SWFSC.,11/9/07 0:00,,NA,NA,NA,,5/31/12 16:17,Dan Prosperi,9/17/21 8:04
2269,71011,RWB2007AUG09.04,218652,BIOPSY-CASCADIA-BAIRD,BIOPSY (PROJECTILE),NA,NA,NA,ARC,18,C,CETACEA,T tru,Tursiops,truncatus,Bottlenose dolphin,Y,Donator requested that PI request permission to use in study,2007,8,9,,,Hawaii,,HAWAII,UNITED STATES OF AMERICA,19.683333,1,Minute,-156.05,1,Minute,1,North Pacific,M,Molecular determination: ZFX/ZFY 5' exonuclease qPCR assay developed at SWFSC.,11/9/07 0:00,,NA,NA,NA,,5/31/12 16:17,Dan Prosperi,9/17/21 8:04
2270,71012,RWB2007AUG09.05,218653,BIOPSY-CASCADIA-BAIRD,BIOPSY (PROJECTILE),NA,NA,NA,ARC,18,C,CETACEA,T tru,Tursiops,truncatus,Bottlenose dolphin,Y,Donator requested that PI request permission to use in study,2007,8,9,,,Hawaii,,HAWAII,UNITED STATES OF AMERICA,19.683333,1,Minute,-156.05,1,Minute,1,North Pacific,M,Molecular determination: ZFX/ZFY 5' exonuclease qPCR assay developed at SWFSC.,11/9/07 0:00,,NA,NA,NA,,5/31/12 16:17,Dan Prosperi,9/17/21 8:04
2271,71013,RWB2007AUG11.01,218654,BIOPSY-CASCADIA-BAIRD,BIOPSY (PROJECTILE),NA,NA,NA,ARC,18,C,CETACEA,T tru,Tursiops,truncatus,Bottlenose dolphin,Y,Donator requested that PI request permission to use in study,2007,8,11,,,Hawaii,,HAWAII,UNITED STATES OF AMERICA,19.833333,1,Minute,-156.116666,1,Minute,1,North Pacific,M,Molecular determination: ZFX/ZFY 5' exonuclease qPCR assay developed at SWFSC.,11/9/07 0:00,,NA,NA,NA,,5/31/12 16:17,Dan Prosperi,9/17/21 8:04
2272,71019,RWB2007AUG21.01,218660,BIOPSY-CASCADIA-BAIRD,BIOPSY (PROJECTILE),NA,NA,NA,ARC,18,C,CETACEA,T tru,Tursiops,truncatus,Bottlenose dolphin,Y,Donator requested that PI request permission to use in study,2007,8,21,,,Hawaii,,HAWAII,UNITED STATES OF AMERICA,19.666666,1,Minute,-156.033333,1,Minute,1,North Pacific,F,Molecular determination: ZFX/ZFY 5' exonuclease qPCR assay developed at SWFSC.,11/9/07 0:00,,NA,NA,NA,,5/31/12 16:17,Dan Prosperi,9/17/21 8:04
2298,75651,RWB2008JUL04.01,220256,BIOPSY-CASCADIA-BAIRD,BIOPSY (PROJECTILE),NA,NA,NA,ARC,18,C,CETACEA,T tru,Tursiops,truncatus,Bottlenose dolphin,Y,Donator requested that PI request permission to use in study,2008,7,4,,,,,HAWAII,UNITED STATES OF AMERICA,19.633333,1,Minute,-156.033333,1,Minute,1,North Pacific,M,Molecular determination: ZFX/ZFY 5' exonuclease qPCR assay developed at SWFSC.,10/16/08 0:00,,NA,NA,NA,,5/31/12 16:18,Dan Prosperi,9/17/21 8:04
2299,75652,RWB2008JUL07.02,220257,BIOPSY-CASCADIA-BAIRD,BIOPSY (PROJECTILE),NA,NA,NA,ARC,18,C,CETACEA,T tru,Tursiops,truncatus,Bottlenose dolphin,Y,Donator requested that PI request permission to use in study,2008,7,7,,,,,HAWAII,UNITED STATES OF AMERICA,19.6,1,Minute,-156.016666,1,Minute,1,North Pacific,M,Molecular determination: ZFX/ZFY 5' exonuclease qPCR assay developed at SWFSC.,10/16/08 0:00,,NA,NA,NA,,5/31/12 16:18,Dan Prosperi,9/17/21 8:04
2300,75653,RWB2008JUL07.03,220258,BIOPSY-CASCADIA-BAIRD,BIOPSY (PROJECTILE),NA,NA,NA,ARC,18,C,CETACEA,T tru,Tursiops,truncatus,Bottlenose dolphin,Y,Donator requested that PI request permission to use in study,2008,7,7,,,,,HAWAII,UNITED STATES OF AMERICA,19.583333,1,Minute,-156.016666,1,Minute,1,North Pacific,F,Molecular determination: ZFX/ZFY 5' exonuclease qPCR assay developed at SWFSC.,10/16/08 0:00,,NA,NA,NA,,5/31/12 16:18,Dan Prosperi,9/17/21 8:04
2301,75667,RWB2008JUL19.01,220272,BIOPSY-CASCADIA-BAIRD,BIOPSY (PROJECTILE),NA,NA,NA,ARC,18,C,CETACEA,T tru,Tursiops,truncatus,Bottlenose dolphin,Y,Donator requested that PI request permission to use in study,2008,7,19,,,,,HAWAII,UNITED STATES OF AMERICA,19.75,1,Minute,-156.066666,1,Minute,1,North Pacific,F,Molecular determination: ZFX/ZFY 5' exonuclease qPCR assay developed at SWFSC.,10/16/08 0:00,,NA,NA,NA,"Same individual as Z78817, confirmed genetically",5/31/12 16:18,Dan Prosperi,9/17/21 8:04
2356,78742,RWB2008DEC03.01,221871,BIOPSY-CASCADIA-BAIRD,BIOPSY (PROJECTILE),NA,NA,NA,ARC,18,C,CETACEA,T tru,Tursiops,truncatus,Bottlenose dolphin,Y,Donator requested that PI request permission to use in study,2008,12,3,,,,,HAWAII,UNITED STATES OF AMERICA,19.966666,1,Minute,-156.066666,1,Minute,1,North Pacific,F,Molecular determination: ZFX/ZFY 5' exonuclease qPCR assay developed at SWFSC.,6/25/09 0:00,,NA,NA,NA,,5/31/12 16:19,Dan Prosperi,9/17/21 8:04
2358,78758,RWB2008DEC15.01,221887,BIOPSY-CASCADIA-BAIRD,BIOPSY (PROJECTILE),NA,NA,NA,ARC,18,C,CETACEA,T tru,Tursiops,truncatus,Bottlenose dolphin,Y,Donator requested that PI request permission to use in study,2008,12,15,,,,,HAWAII,UNITED STATES OF AMERICA,20.066666,1,Minute,-156,1,Minute,1,North Pacific,M,Molecular determination: ZFX/ZFY 5' exonuclease qPCR assay developed at SWFSC.,6/25/09 0:00,,NA,NA,NA,,5/31/12 16:19,Dan Prosperi,9/17/21 8:04
2393,79982,RWB2008MAY08.01,222295,BIOPSY-CASCADIA-BAIRD,BIOPSY (PROJECTILE),NA,NA,NA,ARC,18,C,CETACEA,T tru,Tursiops,truncatus,Bottlenose dolphin,Y,Donator requested that PI request permission to use in study,2008,5,8,,,,,HAWAII,UNITED STATES OF AMERICA,19.816666,1,Minute,-156.083333,1,Minute,1,North Pacific,M,Molecular determination: ZFX/ZFY 5' exonuclease qPCR assay developed at SWFSC.,8/13/09 0:00,,NA,NA,NA,,5/31/12 16:19,Dan Prosperi,9/17/21 8:04
2394,79998,RWB2009APR26.04,222311,BIOPSY-CASCADIA-BAIRD,BIOPSY (PROJECTILE),NA,NA,NA,ARC,18,C,CETACEA,T tru,Tursiops,truncatus,Bottlenose dolphin,Y,Donator requested that PI request permission to use in study,2009,4,26,,,,,HAWAII,UNITED STATES OF AMERICA,19.933333,1,Minute,-156.033333,1,Minute,1,North Pacific,F,Molecular determination: ZFX/ZFY 5' exonuclease qPCR assay developed at SWFSC.,8/13/09 0:00,,NA,NA,NA,,5/31/12 16:19,Dan Prosperi,9/17/21 8:04
2416,88612,RWB2009OCT31.02,223056,BIOPSY-CASCADIA-BAIRD,BIOPSY (PROJECTILE),NA,NA,NA,ARC,18,C,CETACEA,T tru,Tursiops,truncatus,Bottlenose dolphin,Y,Donator requested that PI request permission to use in study,2009,10,31,,,,,HAWAII,UNITED STATES OF AMERICA,19.433333,1,Minute,-155.933333,1,Minute,1,North Pacific,M,Molecular determination: ZFX/ZFY 5' exonuclease qPCR assay developed at SWFSC.,11/9/09 0:00,,NA,NA,NA,,5/31/12 16:22,Dan Prosperi,9/17/21 8:04
2556,102482,RWB2010OCT14.01,226685,BIOPSY-CASCADIA-BAIRD,BIOPSY (PROJECTILE),NA,NA,NA,ARC,18,C,CETACEA,T tru,Tursiops,truncatus,Bottlenose dolphin,Y,Donator requested that PI request permission to use in study,2010,10,14,,,,,HAWAII,UNITED STATES OF AMERICA,21.4,1,Minute,-158.233333,1,Minute,1,North Pacific,F,Molecular determination: ZFX/ZFY 5' exonuclease qPCR assay developed at SWFSC.,11/11/10 0:00,,NA,NA,NA,"Same individual as Z102499, confirmed genetically",5/31/12 16:26,Dan Prosperi,9/17/21 8:04
2595,103984,RWB2011OCT31.02,227562,BIOPSY-CASCADIA-BAIRD,BIOPSY (PROJECTILE),NA,NA,NA,ARC,18,C,CETACEA,T tru,Tursiops,truncatus,Bottlenose dolphin,Y,Donator requested that PI request permission to use in study,2011,10,31,,,,,HAWAII,UNITED STATES OF AMERICA,19.766666,1,Minute,-156.083333,1,Minute,1,North Pacific,M,Molecular determination: ZFX/ZFY 5' exonuclease qPCR assay developed at SWFSC.,1/6/12 0:00,,NA,NA,NA,,5/31/12 16:26,Dan Prosperi,9/17/21 8:04
2596,103985,RWB2011OCT31.03,227563,BIOPSY-CASCADIA-BAIRD,BIOPSY (PROJECTILE),NA,NA,NA,ARC,18,C,CETACEA,T tru,Tursiops,truncatus,Bottlenose dolphin,Y,Donator requested that PI request permission to use in study,2011,10,31,,,,,HAWAII,UNITED STATES OF AMERICA,19.766666,1,Minute,-156.083333,1,Minute,1,North Pacific,F,Molecular determination: ZFX/ZFY 5' exonuclease qPCR assay developed at SWFSC.,1/6/12 0:00,,NA,NA,NA,,5/31/12 16:26,Dan Prosperi,9/17/21 8:04
2597,103986,RWB2011OCT31.04,227564,BIOPSY-CASCADIA-BAIRD,BIOPSY (PROJECTILE),NA,NA,NA,ARC,18,C,CETACEA,T tru,Tursiops,truncatus,Bottlenose dolphin,Y,Donator requested that PI request permission to use in study,2011,10,31,,,,,HAWAII,UNITED STATES OF AMERICA,19.783333,1,Minute,-156.066666,1,Minute,1,North Pacific,M,Molecular determination: ZFX/ZFY 5' exonuclease qPCR assay developed at SWFSC.,1/6/12 0:00,,NA,NA,NA,,5/31/12 16:26,Dan Prosperi,9/17/21 8:04
2887,107857,RWB2012MAY12.02,229635,BIOPSY-CASCADIA-BAIRD,BIOPSY (PROJECTILE),NA,NA,NA,ARC,18,C,CETACEA,T tru,Tursiops,truncatus,Bottlenose dolphin,Y,Donator requested that PI request permission to use in study,2012,5,12,,,,,HAWAII,UNITED STATES OF AMERICA,20.016666,1,Minute,-155.983333,1,Minute,1,North Pacific,M,Molecular determination: ZFX/ZFY 5' exonuclease qPCR assay developed at SWFSC.,6/11/12 0:00,,NA,NA,NA,,6/11/12 12:27,Dan Prosperi,9/17/21 8:04
2914,113578,RWB2012MAY20.01,230303,BIOPSY-CASCADIA-BAIRD,BIOPSY (PROJECTILE),NA,NA,NA,ARC,18,C,CETACEA,T tru,Tursiops,truncatus,Bottlenose dolphin,Y,Donator requested that PI request permission to use in study,2012,5,20,,,,,HAWAII,UNITED STATES OF AMERICA,20.02011,1.00E-05,DEGREE,-156.00131,1.00E-05,DEGREE,1,North Pacific,M,Molecular determination: ZFX/ZFY 5' exonuclease qPCR assay developed at SWFSC.,12/4/12 0:00,,NA,NA,NA,,12/4/12 12:15,Dan Prosperi,9/17/21 8:04
2927,113652,RWB2012DEC13.01,230364,BIOPSY-CASCADIA-BAIRD,BIOPSY (PROJECTILE),NA,NA,NA,ARC,18,C,CETACEA,T tru,Tursiops,truncatus,Bottlenose dolphin,Y,Donator requested that PI request permission to use in study,2012,12,13,,,Lanai,,HAWAII,UNITED STATES OF AMERICA,20.7487,1.00E-04,DEGREE,-156.85055,1.00E-05,DEGREE,1,North Pacific,M,Molecular determination: ZFX/ZFY 5' exonuclease qPCR assay developed at SWFSC.,1/11/13 0:00,,NA,NA,NA,TtTag006,1/11/13 16:54,Dan Prosperi,9/17/21 8:04
3339,133152,RWB2011JUL22.01,234756,BIOPSY-CASCADIA-BAIRD,BIOPSY (PROJECTILE),NA,NA,NA,ARC,18,C,CETACEA,T tru,Tursiops,truncatus,Bottlenose dolphin,Y,Donator requested that PI request permission to use in study,2011,8,22,OFF KAUAI COAST,,,,HAWAII,UNITED STATES OF AMERICA,21.966666,1,Minute,-159.733333,1,Minute,1,North Pacific,M,Molecular determination: ZFX/ZFY 5' exonuclease qPCR assay developed at SWFSC.,10/11/11 0:00,,NA,NA,NA,,5/31/12 16:30,Dan Prosperi,9/17/21 8:04
3340,133153,RWB2011JUL22.02,234757,BIOPSY-CASCADIA-BAIRD,BIOPSY (PROJECTILE),NA,NA,NA,ARC,18,C,CETACEA,T tru,Tursiops,truncatus,Bottlenose dolphin,Y,Donator requested that PI request permission to use in study,2011,8,22,OFF KAUAI COAST,,,,HAWAII,UNITED STATES OF AMERICA,21.966666,1,Minute,-159.75,1,Minute,1,North Pacific,M,Molecular determination: ZFX/ZFY 5' exonuclease qPCR assay developed at SWFSC.,10/11/11 0:00,,NA,NA,NA,,5/31/12 16:30,Dan Prosperi,9/17/21 8:04
3341,133157,RWB2011JUL25.01,234761,BIOPSY-CASCADIA-BAIRD,BIOPSY (PROJECTILE),NA,NA,NA,ARC,18,C,CETACEA,T tru,Tursiops,truncatus,Bottlenose dolphin,Y,Donator requested that PI request permission to use in study,2011,8,25,OFF KAUAI COAST,,,,HAWAII,UNITED STATES OF AMERICA,22.03993,1.00E-05,Degree,-160.13552,1.00E-05,Degree,1,North Pacific,M,Molecular determination: ZFX/ZFY 5' exonuclease qPCR assay developed at SWFSC.,10/11/11 0:00,,NA,NA,NA,,5/31/12 16:30,Dan Prosperi,9/17/21 8:04
3342,133158,RWB2011JUL25.02,234762,BIOPSY-CASCADIA-BAIRD,BIOPSY (PROJECTILE),NA,NA,NA,ARC,18,C,CETACEA,T tru,Tursiops,truncatus,Bottlenose dolphin,Y,Donator requested that PI request permission to use in study,2011,8,25,OFF KAUAI COAST,,,,HAWAII,UNITED STATES OF AMERICA,21.9981,1.00E-04,Degree,-160.14203,1.00E-05,Degree,1,North Pacific,F,Molecular determination: ZFX/ZFY 5' exonuclease qPCR assay developed at SWFSC.,10/11/11 0:00,,NA,NA,NA,,5/31/12 16:30,Dan Prosperi,9/17/21 8:04
3343,133159,RWB2011JUL25.03,234763,BIOPSY-CASCADIA-BAIRD,BIOPSY (PROJECTILE),NA,NA,NA,ARC,18,C,CETACEA,T tru,Tursiops,truncatus,Bottlenose dolphin,Y,Donator requested that PI request permission to use in study,2011,8,25,OFF KAUAI COAST,,,,HAWAII,UNITED STATES OF AMERICA,21.9804,1.00E-04,Degree,-160.14815,1.00E-05,Degree,1,North Pacific,M,Molecular determination: ZFX/ZFY 5' exonuclease qPCR assay developed at SWFSC.,10/11/11 0:00,,NA,NA,NA,,5/31/12 16:30,Dan Prosperi,9/17/21 8:04
3344,133162,RWB2011JUL28.01,234766,BIOPSY-CASCADIA-BAIRD,BIOPSY (PROJECTILE),NA,NA,NA,ARC,18,C,CETACEA,T tru,Tursiops,truncatus,Bottlenose dolphin,Y,Donator requested that PI request permission to use in study,2011,8,28,OFF KAUAI COAST,,,,HAWAII,UNITED STATES OF AMERICA,22.083333,1,Minute,-159.816666,1,Minute,1,North Pacific,M,Molecular determination: ZFX/ZFY 5' exonuclease qPCR assay developed at SWFSC.,10/11/11 0:00,,NA,NA,NA,,5/31/12 16:30,Dan Prosperi,9/17/21 8:04
3345,133163,RWB2011JUL28.02,234767,BIOPSY-CASCADIA-BAIRD,BIOPSY (PROJECTILE),NA,NA,NA,ARC,18,C,CETACEA,T tru,Tursiops,truncatus,Bottlenose dolphin,Y,Donator requested that PI request permission to use in study,2011,8,28,OFF KAUAI COAST,,,,HAWAII,UNITED STATES OF AMERICA,22.1,1,Minute,-159.816666,1,Minute,1,North Pacific,F,Molecular determination: ZFX/ZFY 5' exonuclease qPCR assay developed at SWFSC.,10/11/11 0:00,,NA,NA,NA,,5/31/12 16:30,Dan Prosperi,9/17/21 8:04
3346,133164,RWB2011JUL28.03,234768,BIOPSY-CASCADIA-BAIRD,BIOPSY (PROJECTILE),NA,NA,NA,ARC,18,C,CETACEA,T tru,Tursiops,truncatus,Bottlenose dolphin,Y,Donator requested that PI request permission to use in study,2011,8,28,OFF KAUAI COAST,,,,HAWAII,UNITED STATES OF AMERICA,22.116666,1,Minute,-159.833333,1,Minute,1,North Pacific,F,Molecular determination: ZFX/ZFY 5' exonuclease qPCR assay developed at SWFSC.,10/11/11 0:00,,NA,NA,NA,,5/31/12 16:30,Dan Prosperi,9/17/21 8:04
3347,133165,RWB2011JUL28.04,234769,BIOPSY-CASCADIA-BAIRD,BIOPSY (PROJECTILE),NA,NA,NA,ARC,18,C,CETACEA,T tru,Tursiops,truncatus,Bottlenose dolphin,Y,Donator requested that PI request permission to use in study,2011,8,28,OFF KAUAI COAST,,,,HAWAII,UNITED STATES OF AMERICA,22.15,1,Minute,-159.85,1,Minute,1,North Pacific,M,Molecular determination: ZFX/ZFY 5' exonuclease qPCR assay developed at SWFSC.,10/11/11 0:00,,NA,NA,NA,,5/31/12 16:30,Dan Prosperi,9/17/21 8:04
3348,133166,RWB2011JUL28.05,234770,BIOPSY-CASCADIA-BAIRD,BIOPSY (PROJECTILE),NA,NA,NA,ARC,18,C,CETACEA,T tru,Tursiops,truncatus,Bottlenose dolphin,Y,Donator requested that PI request permission to use in study,2011,8,28,OFF KAUAI COAST,,,,HAWAII,UNITED STATES OF AMERICA,22.15,1,Minute,-159.833333,1,Minute,1,North Pacific,F,Molecular determination: ZFX/ZFY 5' exonuclease qPCR assay developed at SWFSC.,10/11/11 0:00,,NA,NA,NA,,5/31/12 16:30,Dan Prosperi,9/17/21 8:04
3349,133167,RWB2011JUL28.06,234771,BIOPSY-CASCADIA-BAIRD,BIOPSY (PROJECTILE),NA,NA,NA,ARC,18,C,CETACEA,T tru,Tursiops,truncatus,Bottlenose dolphin,Y,Donator requested that PI request permission to use in study,2011,8,28,OFF KAUAI COAST,,,,HAWAII,UNITED STATES OF AMERICA,22.15,1,Minute,-159.833333,1,Minute,1,North Pacific,M,Molecular determination: ZFX/ZFY 5' exonuclease qPCR assay developed at SWFSC.,10/11/11 0:00,,NA,NA,NA,,5/31/12 16:30,Dan Prosperi,9/17/21 8:04
3350,133181,RWB2011AUG03.01,234785,BIOPSY-CASCADIA-BAIRD,BIOPSY (PROJECTILE),NA,NA,NA,ARC,18,C,CETACEA,T tru,Tursiops,truncatus,Bottlenose dolphin,Y,Donator requested that PI request permission to use in study,2011,9,3,OFF KAUAI COAST,,,,HAWAII,UNITED STATES OF AMERICA,21.983333,1,Minute,-159.733333,1,Minute,1,North Pacific,F,Molecular determination: ZFX/ZFY 5' exonuclease qPCR assay developed at SWFSC.,10/11/11 0:00,,NA,NA,NA,,5/31/12 16:30,Dan Prosperi,9/17/21 8:04
3351,133182,RWB2011AUG03.02,234786,BIOPSY-CASCADIA-BAIRD,BIOPSY (PROJECTILE),NA,NA,NA,ARC,18,C,CETACEA,T tru,Tursiops,truncatus,Bottlenose dolphin,Y,Donator requested that PI request permission to use in study,2011,9,3,OFF KAUAI COAST,,,,HAWAII,UNITED STATES OF AMERICA,21.983333,1,Minute,-159.783333,1,Minute,1,North Pacific,M,Molecular determination: ZFX/ZFY 5' exonuclease qPCR assay developed at SWFSC.,10/11/11 0:00,,NA,NA,NA,,5/31/12 16:30,Dan Prosperi,9/17/21 8:04
3352,133183,RWB2011AUG03.03,234787,BIOPSY-CASCADIA-BAIRD,BIOPSY (PROJECTILE),NA,NA,NA,ARC,18,C,CETACEA,T tru,Tursiops,truncatus,Bottlenose dolphin,Y,Donator requested that PI request permission to use in study,2011,9,3,OFF KAUAI COAST,,,,HAWAII,UNITED STATES OF AMERICA,21.983333,1,Minute,-159.8,1,Minute,1,North Pacific,M,Molecular determination: ZFX/ZFY 5' exonuclease qPCR assay developed at SWFSC.,10/11/11 0:00,,NA,NA,NA,,5/31/12 16:30,Dan Prosperi,9/17/21 8:04
3353,133184,RWB2011AUG03.04,234788,BIOPSY-CASCADIA-BAIRD,BIOPSY (PROJECTILE),NA,NA,NA,ARC,18,C,CETACEA,T tru,Tursiops,truncatus,Bottlenose dolphin,Y,Donator requested that PI request permission to use in study,2011,9,3,OFF KAUAI COAST,,,,HAWAII,UNITED STATES OF AMERICA,21.983333,1,Minute,-159.8,1,Minute,1,North Pacific,M,Molecular determination: ZFX/ZFY 5' exonuclease qPCR assay developed at SWFSC.,10/11/11 0:00,,NA,NA,NA,,5/31/12 16:30,Dan Prosperi,9/17/21 8:04
3354,133185,RWB2011AUG03.05,234789,BIOPSY-CASCADIA-BAIRD,BIOPSY (PROJECTILE),NA,NA,NA,ARC,18,C,CETACEA,T tru,Tursiops,truncatus,Bottlenose dolphin,Y,Donator requested that PI request permission to use in study,2011,9,3,OFF KAUAI COAST,,,,HAWAII,UNITED STATES OF AMERICA,22,1,Minute,-159.8,1,Minute,1,North Pacific,M,Molecular determination: ZFX/ZFY 5' exonuclease qPCR assay developed at SWFSC.,10/11/11 0:00,,NA,NA,NA,,5/31/12 16:30,Dan Prosperi,9/17/21 8:04
3355,133186,RWB2011AUG03.06,234790,BIOPSY-CASCADIA-BAIRD,BIOPSY (PROJECTILE),NA,NA,NA,ARC,18,C,CETACEA,T tru,Tursiops,truncatus,Bottlenose dolphin,Y,Donator requested that PI request permission to use in study,2011,9,3,OFF KAUAI COAST,,,,HAWAII,UNITED STATES OF AMERICA,22.016666,1,Minute,-159.8,1,Minute,1,North Pacific,M,Molecular determination: ZFX/ZFY 5' exonuclease qPCR assay developed at SWFSC.,10/11/11 0:00,,NA,NA,NA,,5/31/12 16:30,Dan Prosperi,9/17/21 8:04
3356,133193,RWB2011AUG05.01,234797,BIOPSY-CASCADIA-BAIRD,BIOPSY (PROJECTILE),NA,NA,NA,ARC,18,C,CETACEA,T tru,Tursiops,truncatus,Bottlenose dolphin,Y,Donator requested that PI request permission to use in study,2011,9,5,OFF KAUAI COAST,,,,HAWAII,UNITED STATES OF AMERICA,20.116666,1,Minute,-159.8,1,Minute,1,North Pacific,F,Molecular determination: ZFX/ZFY 5' exonuclease qPCR assay developed at SWFSC.,10/11/11 0:00,,NA,NA,NA,,5/31/12 16:30,Dan Prosperi,9/17/21 8:04
2929,114559,RWB2013FEB04.03,230832,BIOPSY-HI-BAIRD,BIOPSY (PROJECTILE),NA,NA,NA,ARC,18,C,CETACEA,T tru,Tursiops,truncatus,Bottlenose dolphin,Y,Donator requested that PI request permission to use in study,2013,2,4,,,Kauai,,HAWAII,UNITED STATES OF AMERICA,22.05227,1.00E-05,DEGREE,-159.83494,1.00E-05,DEGREE,1,North Pacific,M,Molecular determination: ZFX/ZFY 5' exonuclease qPCR assay developed at SWFSC.,5/7/13 0:00,,NA,NA,NA,,5/7/13 12:45,Dan Prosperi,9/17/21 8:04
2930,114560,RWB2013FEB04.02,230833,BIOPSY-HI-BAIRD,BIOPSY (PROJECTILE),NA,NA,NA,ARC,18,C,CETACEA,T tru,Tursiops,truncatus,Bottlenose dolphin,Y,Donator requested that PI request permission to use in study,2013,2,4,,,Kauai,,HAWAII,UNITED STATES OF AMERICA,22.031,0.001,DEGREE,-159.82464,1.00E-05,DEGREE,1,North Pacific,F,Molecular determination: ZFX/ZFY 5' exonuclease qPCR assay developed at SWFSC.,5/7/13 0:00,,NA,NA,NA,,5/7/13 12:45,Dan Prosperi,9/17/21 8:04
2931,114561,RWB2013FEB04.01,230834,BIOPSY-HI-BAIRD,BIOPSY (PROJECTILE),NA,NA,NA,ARC,18,C,CETACEA,T tru,Tursiops,truncatus,Bottlenose dolphin,Y,Donator requested that PI request permission to use in study,2013,2,4,,,Kauai,,HAWAII,UNITED STATES OF AMERICA,22.01802,1.00E-05,DEGREE,-159.82395,1.00E-05,DEGREE,1,North Pacific,M,Molecular determination: ZFX/ZFY 5' exonuclease qPCR assay developed at SWFSC.,5/7/13 0:00,,NA,NA,NA,,5/7/13 12:45,Dan Prosperi,9/17/21 8:04
2932,114562,RWB2013FEB06.01,230835,BIOPSY-HI-BAIRD,BIOPSY (PROJECTILE),NA,NA,NA,ARC,18,C,CETACEA,T tru,Tursiops,truncatus,Bottlenose dolphin,Y,Donator requested that PI request permission to use in study,2013,2,6,,,Kauai,,HAWAII,UNITED STATES OF AMERICA,22.08063,1.00E-05,DEGREE,-159.82775,1.00E-05,DEGREE,1,North Pacific,F,Molecular determination: ZFX/ZFY 5' exonuclease qPCR assay developed at SWFSC.,5/7/13 0:00,,NA,NA,NA,,5/7/13 12:45,Dan Prosperi,9/17/21 8:04
2933,114563,RWB2013FEB08.03,230836,BIOPSY-HI-BAIRD,BIOPSY (PROJECTILE),NA,NA,NA,ARC,18,C,CETACEA,T tru,Tursiops,truncatus,Bottlenose dolphin,Y,Donator requested that PI request permission to use in study,2013,2,8,,,Kauai,,HAWAII,UNITED STATES OF AMERICA,22.15592,1.00E-05,DEGREE,-159.80206,1.00E-05,DEGREE,1,North Pacific,M,Molecular determination: ZFX/ZFY 5' exonuclease qPCR assay developed at SWFSC.,5/7/13 0:00,,NA,NA,NA,,5/7/13 12:45,Dan Prosperi,9/17/21 8:04
308,104035,ADL110829.04,227613,BIOPSY-HI-PIFSC,BIOPSY (PROJECTILE),NA,NA,NA,ARC,18,C,CETACEA,T tru,Tursiops,truncatus,Bottlenose dolphin,Y,Donator requested that PI request permission to use in study,2011,8,29,,,,,,GUAM,13.8,1,Minute,144.966666,1,Minute,1,North Pacific,M,Molecular determination: ZFX/ZFY 5' exonuclease qPCR assay developed at SWFSC.,1/11/12 0:00,,NA,NA,NA,,5/31/12 16:26,Dan Prosperi,9/17/21 8:04
309,108207,PIC120629.01,229804,BIOPSY-HI-PIFSC,BIOPSY (PROJECTILE),NA,NA,NA,ARC,18,C,CETACEA,T tru,Tursiops,truncatus,Bottlenose dolphin,Y,Donator requested that PI request permission to use in study,2012,6,29,,,,,,GUAM,13.4,1,Minute,144.616666,1,Minute,1,North Pacific,F,Molecular determination: ZFX/ZFY 5' exonuclease qPCR assay developed at SWFSC.,7/13/12 0:00,,NA,NA,NA,,7/13/12 12:43,Dan Prosperi,9/17/21 8:04
310,108208,PIC120629.02,229805,BIOPSY-HI-PIFSC,BIOPSY (PROJECTILE),NA,NA,NA,ARC,18,C,CETACEA,T tru,Tursiops,truncatus,Bottlenose dolphin,Y,Donator requested that PI request permission to use in study,2012,6,29,,,,,,GUAM,13.4,1,Minute,144.633333,1,Minute,1,North Pacific,F,Molecular determination: ZFX/ZFY 5' exonuclease qPCR assay developed at SWFSC.,7/13/12 0:00,,NA,NA,NA,muscle and bone possibly (hard porous bit),7/13/12 12:43,Dan Prosperi,9/17/21 8:04
855,104066,ADL110909.08,227644,BIOPSY-HI-PIFSC,BIOPSY (PROJECTILE),NA,NA,NA,ARC,18,C,CETACEA,T tru,Tursiops,truncatus,Bottlenose dolphin,Y,Donator requested that PI request permission to use in study,2011,9,9,,,,,,NORTHERN MARIANA ISLANDS,15.133333,1,Minute,145.75,1,Minute,1,North Pacific,F,Molecular determination: ZFX/ZFY 5' exonuclease qPCR assay developed at SWFSC.,1/11/12 0:00,,NA,NA,NA,,5/31/12 16:26,Dan Prosperi,9/17/21 8:04
856,104067,ADL110909.09,227645,BIOPSY-HI-PIFSC,BIOPSY (PROJECTILE),NA,NA,NA,ARC,18,C,CETACEA,T tru,Tursiops,truncatus,Bottlenose dolphin,Y,Donator requested that PI request permission to use in study,2011,9,9,,,,,,NORTHERN MARIANA ISLANDS,15.133333,1,Minute,145.75,1,Minute,1,North Pacific,M,Molecular determination: ZFX/ZFY 5' exonuclease qPCR assay developed at SWFSC.,1/11/12 0:00,,NA,NA,NA,,5/31/12 16:26,Dan Prosperi,9/17/21 8:04
857,104070,ADL110910.03,227648,BIOPSY-HI-PIFSC,BIOPSY (PROJECTILE),NA,NA,NA,ARC,18,C,CETACEA,T tru,Tursiops,truncatus,Bottlenose dolphin,Y,Donator requested that PI request permission to use in study,2011,9,10,,,,,,NORTHERN MARIANA ISLANDS,15.1,1,Minute,145.633333,1,Minute,1,North Pacific,M,Molecular determination: ZFX/ZFY 5' exonuclease qPCR assay developed at SWFSC.,1/11/12 0:00,,NA,NA,NA,,5/31/12 16:26,Dan Prosperi,9/17/21 8:04
859,108172,PIC20120529.02,229769,BIOPSY-HI-PIFSC,BIOPSY (PROJECTILE),NA,NA,NA,ARC,18,C,CETACEA,T tru,Tursiops,truncatus,Bottlenose dolphin,Y,Donator requested that PI request permission to use in study,2012,5,29,,,Rota,,,NORTHERN MARIANA ISLANDS,14.166666,1,Minute,145.15,1,Minute,1,North Pacific,M,Molecular determination: ZFX/ZFY 5' exonuclease qPCR assay developed at SWFSC.,7/13/12 0:00,,NA,NA,NA,,7/13/12 12:43,Dan Prosperi,9/17/21 8:04
860,108183,PIC120608.04,229780,BIOPSY-HI-PIFSC,BIOPSY (PROJECTILE),NA,NA,NA,ARC,18,C,CETACEA,T tru,Tursiops,truncatus,Bottlenose dolphin,Y,Donator requested that PI request permission to use in study,2012,6,8,Aguijan,,,,,NORTHERN MARIANA ISLANDS,14.783333,1,Minute,145.516666,1,Minute,1,North Pacific,M,Molecular determination: ZFX/ZFY 5' exonuclease qPCR assay developed at SWFSC.,7/13/12 0:00,,NA,NA,NA,half breach,7/13/12 12:43,Dan Prosperi,9/17/21 8:04
861,116858,PIC130709.01B,231825,BIOPSY-HI-PIFSC,BIOPSY (PROJECTILE),NA,NA,NA,ARC,18,C,CETACEA,T tru,Tursiops,truncatus,Bottlenose dolphin,Y,Donator requested that PI request permission to use in study,2013,7,9,1.16km NNE of Song Song Harbor,,Rota,,,NORTHERN MARIANA ISLANDS,14.190613,1.00E-06,DEGREE,145.172542,1.00E-06,DEGREE,1,North Pacific,F,Molecular determination: ZFX/ZFY 5' exonuclease qPCR assay developed at SWFSC.,9/17/13 0:00,,NA,NA,NA,,9/17/13 10:33,Dan Prosperi,9/17/21 8:04
862,116866,PIC130717.01B,231833,BIOPSY-HI-PIFSC,BIOPSY (PROJECTILE),NA,NA,NA,ARC,18,C,CETACEA,T tru,Tursiops,truncatus,Bottlenose dolphin,Y,Donator requested that PI request permission to use in study,2013,7,17,1km NNW of Managaha Island,,Saipan Island,,,NORTHERN MARIANA ISLANDS,15.239529,1.00E-06,DEGREE,145.694995,1.00E-06,DEGREE,1,North Pacific,M,Molecular determination: ZFX/ZFY 5' exonuclease qPCR assay developed at SWFSC.,9/17/13 0:00,,NA,NA,NA,tip nick,9/17/13 10:33,Dan Prosperi,9/17/21 8:04
863,116867,PIC130717.02B,231834,BIOPSY-HI-PIFSC,BIOPSY (PROJECTILE),NA,NA,NA,ARC,18,C,CETACEA,T tru,Tursiops,truncatus,Bottlenose dolphin,Y,Donator requested that PI request permission to use in study,2013,7,17,1.95km W of Garapan Jetty,,Saipan Island,,,NORTHERN MARIANA ISLANDS,15.200035,1.00E-06,DEGREE,145.692988,1.00E-06,DEGREE,1,North Pacific,M,Molecular determination: ZFX/ZFY 5' exonuclease qPCR assay developed at SWFSC.,9/17/13 0:00,,NA,NA,NA,tagged animal 128898,9/17/13 10:33,Dan Prosperi,9/17/21 8:04
864,116868,PIC130717.03B,231835,BIOPSY-HI-PIFSC,BIOPSY (PROJECTILE),NA,NA,NA,ARC,18,C,CETACEA,T tru,Tursiops,truncatus,Bottlenose dolphin,Y,Donator requested that PI request permission to use in study,2013,7,17,1.95km W of Garapan Jetty,,Saipan Island,,,NORTHERN MARIANA ISLANDS,15.186717,1.00E-06,DEGREE,145.688737,1.00E-06,DEGREE,1,North Pacific,M,Molecular determination: ZFX/ZFY 5' exonuclease qPCR assay developed at SWFSC.,9/17/13 0:00,,NA,NA,NA,lots of skin. perforation at base of fin. animal on left in photo,9/17/13 10:33,Dan Prosperi,9/17/21 8:04
865,116869,PIC130717.04B,231836,BIOPSY-HI-PIFSC,BIOPSY (PROJECTILE),NA,NA,NA,ARC,18,C,CETACEA,T tru,Tursiops,truncatus,Bottlenose dolphin,Y,Donator requested that PI request permission to use in study,2013,7,17,1.95km W of Garapan Jetty,,Saipan Island,,,NORTHERN MARIANA ISLANDS,15.18138,1.00E-06,DEGREE,145.687887,1.00E-06,DEGREE,1,North Pacific,M,Molecular determination: ZFX/ZFY 5' exonuclease qPCR assay developed at SWFSC.,9/17/13 0:00,,NA,NA,NA,leading edge indentation,9/17/13 10:33,Dan Prosperi,9/17/21 8:04
866,116881,PIC130723.10B,231848,BIOPSY-HI-PIFSC,BIOPSY (PROJECTILE),NA,NA,NA,ARC,18,C,CETACEA,T tru,Tursiops,truncatus,Bottlenose dolphin,Y,Donator requested that PI request permission to use in study,2013,7,23,6.34km N of Managaha,,Saipan Island,,,NORTHERN MARIANA ISLANDS,15.299215,1.00E-06,DEGREE,145.71344,1.00E-05,DEGREE,1,North Pacific,M,Molecular determination: ZFX/ZFY 5' exonuclease qPCR assay developed at SWFSC.,9/17/13 0:00,,NA,NA,NA,,9/17/13 10:33,Dan Prosperi,9/17/21 8:04
2361,78826,OES090216.01,221954,BIOPSY-HI-PIFSC,BIOPSY (PROJECTILE),NA,NA,NA,SJC,18,C,CETACEA,T tru,Tursiops,truncatus,Bottlenose dolphin,Y,Donator requested that PI request permission to use in study,2009,2,16,Main Hawaiian Islands,,,,HAWAII,UNITED STATES OF AMERICA,19.8,1,Minute,-155.033333,1,Minute,1,North Pacific,M,Molecular determination: ZFX/ZFY 5' exonuclease qPCR assay developed at SWFSC.,6/30/09 0:00,,NA,NA,NA,,5/31/12 16:19,Dan Prosperi,9/17/21 8:04
2362,78827,OES090216.02,221955,BIOPSY-HI-PIFSC,BIOPSY (PROJECTILE),NA,NA,NA,SJC,18,C,CETACEA,T tru,Tursiops,truncatus,Bottlenose dolphin,Y,Donator requested that PI request permission to use in study,2009,2,16,Main Hawaiian Islands,,,,HAWAII,UNITED STATES OF AMERICA,19.8,1,Minute,-155.033333,1,Minute,1,North Pacific,F,Molecular determination: ZFX/ZFY 5' exonuclease qPCR assay developed at SWFSC.,6/30/09 0:00,,NA,NA,NA,,5/31/12 16:19,Dan Prosperi,9/17/21 8:04
2474,92252,EMO091009.01b,224875,BIOPSY-HI-PIFSC,BIOPSY (PROJECTILE),NA,NA,NA,ARC,18,C,CETACEA,T tru,Tursiops,truncatus,Bottlenose dolphin,Y,Donator requested that PI request permission to use in study,2009,10,9,OAHU SE,,Oahu,,HAWAII,UNITED STATES OF AMERICA,20.9,1,Minute,-157.75,1,Minute,1,North Pacific,F,Molecular determination: ZFX/ZFY 5' exonuclease qPCR assay developed at SWFSC.,3/26/10 0:00,,NA,NA,NA,adult; fast dive; 0 non-target reacting,5/31/12 16:23,Dan Prosperi,9/17/21 8:04
2475,92257,EMO091017.01b,224880,BIOPSY-HI-PIFSC,BIOPSY (PROJECTILE),NA,NA,NA,ARC,18,C,CETACEA,T tru,Tursiops,truncatus,Bottlenose dolphin,Y,Donator requested that PI request permission to use in study,2009,10,17,OAHU SW,,Oahu,,HAWAII,UNITED STATES OF AMERICA,21.316666,1,Minute,-158.133333,1,Minute,1,North Pacific,M,Molecular determination: ZFX/ZFY 5' exonuclease qPCR assay developed at SWFSC.,3/26/10 0:00,,NA,NA,NA,adult; fast dive; 1 non-target reacting,5/31/12 16:23,Dan Prosperi,9/17/21 8:04
2476,92259,EMO091017.03b,224882,BIOPSY-HI-PIFSC,BIOPSY (PROJECTILE),NA,NA,NA,ARC,18,C,CETACEA,T tru,Tursiops,truncatus,Bottlenose dolphin,Y,Donator requested that PI request permission to use in study,2009,10,17,OAHU SW,,Oahu,,HAWAII,UNITED STATES OF AMERICA,21.366666,1,Minute,-158.15,1,Minute,1,North Pacific,M,Molecular determination: ZFX/ZFY 5' exonuclease qPCR assay developed at SWFSC.,3/26/10 0:00,,NA,NA,NA,juvenile; fast dive; 1 non-target reacting,5/31/12 16:23,Dan Prosperi,9/17/21 8:04
2599,104021,OES110704.02,227599,BIOPSY-HI-PIFSC,BIOPSY (PROJECTILE),NA,NA,NA,ARC,18,C,CETACEA,T tru,Tursiops,truncatus,Bottlenose dolphin,Y,Donator requested that PI request permission to use in study,2011,7,4,Main Hawaiian Islands,,,,HAWAII,UNITED STATES OF AMERICA,19.866666,1,Minute,-156.083333,1,Minute,1,North Pacific,M,Molecular determination: ZFX/ZFY 5' exonuclease qPCR assay developed at SWFSC.,1/11/12 0:00,,NA,NA,NA,,5/31/12 16:26,Dan Prosperi,9/17/21 8:04
2600,104022,OES110705.01,227600,BIOPSY-HI-PIFSC,BIOPSY (PROJECTILE),NA,NA,NA,ARC,18,C,CETACEA,T tru,Tursiops,truncatus,Bottlenose dolphin,Y,Donator requested that PI request permission to use in study,2011,7,5,Main Hawaiian Islands,,,,HAWAII,UNITED STATES OF AMERICA,19.833333,1,Minute,-156.083333,1,Minute,1,North Pacific,M,Molecular determination: ZFX/ZFY 5' exonuclease qPCR assay developed at SWFSC.,1/11/12 0:00,,NA,NA,NA,,5/31/12 16:26,Dan Prosperi,9/17/21 8:04
2934,114941,OES130514.01s,230915,BIOPSY-HI-PIFSC,BIOPSY (PROJECTILE),NA,NA,NA,KMR,18,C,CETACEA,T tru,Tursiops,truncatus,Bottlenose dolphin,Y,Donator requested that PI request permission to use in study,2013,5,14,125 km ENE of Maro Reef,,,,HAWAII,UNITED STATES OF AMERICA,25.704121,1.00E-06,DEGREE,-169.322347,1.00E-06,DEGREE,1,North Pacific,M,Molecular determination: ZFX/ZFY 5' exonuclease qPCR assay developed at SWFSC.,6/19/13 0:00,,NA,NA,NA,,6/19/13 11:19,Dan Prosperi,9/17/21 8:04
2935,114942,OES130514.02s,230916,BIOPSY-HI-PIFSC,BIOPSY (PROJECTILE),NA,NA,NA,KMR,18,C,CETACEA,T tru,Tursiops,truncatus,Bottlenose dolphin,Y,Donator requested that PI request permission to use in study,2013,5,14,125 km ENE of Maro Reef,,,,HAWAII,UNITED STATES OF AMERICA,25.7015,1.00E-06,DEGREE,-169.323202,1.00E-06,DEGREE,1,North Pacific,M,Molecular determination: ZFX/ZFY 5' exonuclease qPCR assay developed at SWFSC.,6/19/13 0:00,,NA,NA,NA,,6/19/13 11:19,Dan Prosperi,9/17/21 8:04
2936,114943,OES130514.01m,230917,BIOPSY-HI-PIFSC,BIOPSY (PROJECTILE),NA,NA,NA,KMR,18,C,CETACEA,T tru,Tursiops,truncatus,Bottlenose dolphin,Y,Donator requested that PI request permission to use in study,2013,5,14,125 km ENE of Maro Reef,,,,HAWAII,UNITED STATES OF AMERICA,25.688169,1.00E-06,DEGREE,-169.320281,1.00E-06,DEGREE,1,North Pacific,F,Molecular determination: ZFX/ZFY 5' exonuclease qPCR assay developed at SWFSC.,6/19/13 0:00,,NA,NA,NA,,6/19/13 11:19,Dan Prosperi,9/17/21 8:04
2937,114944,OES130514.02m,230918,BIOPSY-HI-PIFSC,BIOPSY (PROJECTILE),NA,NA,NA,KMR,18,C,CETACEA,T tru,Tursiops,truncatus,Bottlenose dolphin,Y,Donator requested that PI request permission to use in study,2013,5,14,125 km ENE of Maro Reef,,,,HAWAII,UNITED STATES OF AMERICA,25.683712,1.00E-06,DEGREE,-169.32589,1.00E-06,DEGREE,1,North Pacific,F,Molecular determination: ZFX/ZFY 5' exonuclease qPCR assay developed at SWFSC.,6/19/13 0:00,,NA,NA,NA,,6/19/13 11:19,Dan Prosperi,9/17/21 8:04
2938,114958,OES130528.01m,230932,BIOPSY-HI-PIFSC,BIOPSY (PROJECTILE),NA,NA,NA,KMR,18,C,CETACEA,T tru,Tursiops,truncatus,Bottlenose dolphin,Y,Donator requested that PI request permission to use in study,2013,5,28,90 km SE of Gardner Pinnacles,,,,HAWAII,UNITED STATES OF AMERICA,24.59028,1.00E-06,DEGREE,-167.256274,1.00E-06,DEGREE,1,North Pacific,F,Molecular determination: ZFX/ZFY 5' exonuclease qPCR assay developed at SWFSC.,6/19/13 0:00,,NA,NA,NA,,6/19/13 11:19,Dan Prosperi,9/17/21 8:04
2939,114961,OES130530.01m,230935,BIOPSY-HI-PIFSC,BIOPSY (PROJECTILE),NA,NA,NA,KMR,18,C,CETACEA,T tru,Tursiops,truncatus,Bottlenose dolphin,Y,Donator requested that PI request permission to use in study,2013,5,30,52 km ENE of Tern Island,,,,HAWAII,UNITED STATES OF AMERICA,24.013236,1.00E-06,DEGREE,-165.777426,1.00E-06,DEGREE,1,North Pacific,M,Molecular determination: ZFX/ZFY 5' exonuclease qPCR assay developed at SWFSC.,6/19/13 0:00,,NA,NA,NA,,6/19/13 11:19,Dan Prosperi,9/17/21 8:04
2940,114962,OES130530.02m,230936,BIOPSY-HI-PIFSC,BIOPSY (PROJECTILE),NA,NA,NA,KMR,18,C,CETACEA,T tru,Tursiops,truncatus,Bottlenose dolphin,Y,Donator requested that PI request permission to use in study,2013,5,30,52 km ENE of Tern Island,,,,HAWAII,UNITED STATES OF AMERICA,24.00595,1.00E-06,DEGREE,-165.784026,1.00E-06,DEGREE,1,North Pacific,F,Molecular determination: ZFX/ZFY 5' exonuclease qPCR assay developed at SWFSC.,6/19/13 0:00,,NA,NA,NA,,6/19/13 11:19,Dan Prosperi,9/17/21 8:04
2121,53946,HMMC2006-197,212694,BIOPSY-SPLASH-HIHWNMS,BIOPSY (PROJECTILE),NA,NA,NA,KMR,18,C,CETACEA,T tru,Tursiops,truncatus,Bottlenose dolphin,N,,2006,3,17,,,,,HAWAII,UNITED STATES OF AMERICA,20.2,1,Minute,-155.916666,1,Minute,1,North Pacific,F,Molecular determination: ZFX/ZFY 5' exonuclease qPCR assay developed at SWFSC.,4/12/06 0:00,,NA,NA,NA,,5/31/12 16:12,Dan Prosperi,9/17/21 8:04
2122,53952,HMMC2006-203,212700,BIOPSY-SPLASH-HIHWNMS,BIOPSY (PROJECTILE),NA,NA,NA,KMR,18,C,CETACEA,T tru,Tursiops,truncatus,Bottlenose dolphin,N,,2006,3,21,,,,,HAWAII,UNITED STATES OF AMERICA,20.1,1,Minute,-155.983333,1,Minute,1,North Pacific,F,Molecular determination: ZFX/ZFY 5' exonuclease qPCR assay developed at SWFSC.,4/12/06 0:00,,NA,NA,NA,,5/31/12 16:12,Dan Prosperi,9/17/21 8:04
2518,102380,OES100913.01,226586,BIOPSY-SWFSC-HICEAS,BIOPSY (PROJECTILE),NA,NA,NA,JPB,18,C,CETACEA,T tru,Tursiops,truncatus,Bottlenose dolphin,Y,Donator requested that PI request permission to use in study,2010,9,13,,,,,HAWAII,UNITED STATES OF AMERICA,27.983333,1,Minute,-175.65,1,Minute,1,North Pacific,F,Molecular determination: ZFX/ZFY 5' exonuclease qPCR assay developed at SWFSC.,11/11/10 0:00,,NA,NA,NA,,5/31/12 16:26,Dan Prosperi,9/17/21 8:04
2519,102381,OES100913.02,226587,BIOPSY-SWFSC-HICEAS,BIOPSY (PROJECTILE),NA,NA,NA,JPB,18,C,CETACEA,T tru,Tursiops,truncatus,Bottlenose dolphin,Y,Donator requested that PI request permission to use in study,2010,9,13,,,,,HAWAII,UNITED STATES OF AMERICA,27.983333,1,Minute,-175.65,1,Minute,1,North Pacific,M,Molecular determination: ZFX/ZFY 5' exonuclease qPCR assay developed at SWFSC.,11/11/10 0:00,,NA,NA,NA,,5/31/12 16:26,Dan Prosperi,9/17/21 8:04
2520,102382,OES100913.03,226588,BIOPSY-SWFSC-HICEAS,BIOPSY (PROJECTILE),NA,NA,NA,JPB,18,C,CETACEA,T tru,Tursiops,truncatus,Bottlenose dolphin,Y,Donator requested that PI request permission to use in study,2010,9,13,,,,,HAWAII,UNITED STATES OF AMERICA,27.983333,1,Minute,-175.65,1,Minute,1,North Pacific,M,Molecular determination: ZFX/ZFY 5' exonuclease qPCR assay developed at SWFSC.,11/11/10 0:00,,NA,NA,NA,"Same individual as Z102393, confirmed genetically",5/31/12 16:26,Dan Prosperi,9/17/21 8:04
2521,102383,OES100913.04,226589,BIOPSY-SWFSC-HICEAS,BIOPSY (PROJECTILE),NA,NA,NA,JPB,18,C,CETACEA,T tru,Tursiops,truncatus,Bottlenose dolphin,Y,Donator requested that PI request permission to use in study,2010,9,13,,,,,HAWAII,UNITED STATES OF AMERICA,27.983333,1,Minute,-175.65,1,Minute,1,North Pacific,F,Molecular determination: ZFX/ZFY 5' exonuclease qPCR assay developed at SWFSC.,11/11/10 0:00,,NA,NA,NA,,5/31/12 16:26,Dan Prosperi,9/17/21 8:04
2522,102384,OES100914.01,226590,BIOPSY-SWFSC-HICEAS,BIOPSY (PROJECTILE),NA,NA,NA,JPB,18,C,CETACEA,T tru,Tursiops,truncatus,Bottlenose dolphin,Y,Donator requested that PI request permission to use in study,2010,9,14,,,,,HAWAII,UNITED STATES OF AMERICA,28.033333,1,Minute,-175.783333,1,Minute,1,North Pacific,F,Molecular determination: ZFX/ZFY 5' exonuclease qPCR assay developed at SWFSC.,11/11/10 0:00,,NA,NA,NA,,5/31/12 16:26,Dan Prosperi,9/17/21 8:04
2523,102385,OES100914.02,226591,BIOPSY-SWFSC-HICEAS,BIOPSY (PROJECTILE),NA,NA,NA,JPB,18,C,CETACEA,T tru,Tursiops,truncatus,Bottlenose dolphin,Y,Donator requested that PI request permission to use in study,2010,9,14,,,,,HAWAII,UNITED STATES OF AMERICA,28.033333,1,Minute,-175.783333,1,Minute,1,North Pacific,F,Molecular determination: ZFX/ZFY 5' exonuclease qPCR assay developed at SWFSC.,11/11/10 0:00,,NA,NA,NA,,5/31/12 16:26,Dan Prosperi,9/17/21 8:04
2524,102386,OES100914.03,226592,BIOPSY-SWFSC-HICEAS,BIOPSY (PROJECTILE),NA,NA,NA,JPB,18,C,CETACEA,T tru,Tursiops,truncatus,Bottlenose dolphin,Y,Donator requested that PI request permission to use in study,2010,9,14,,,,,HAWAII,UNITED STATES OF AMERICA,28.033333,1,Minute,-175.783333,1,Minute,1,North Pacific,M,Molecular determination: ZFX/ZFY 5' exonuclease qPCR assay developed at SWFSC.,11/11/10 0:00,,NA,NA,NA,,5/31/12 16:26,Dan Prosperi,9/17/21 8:04
2525,102387,OES100914.04,226593,BIOPSY-SWFSC-HICEAS,BIOPSY (PROJECTILE),NA,NA,NA,JPB,18,C,CETACEA,T tru,Tursiops,truncatus,Bottlenose dolphin,Y,Donator requested that PI request permission to use in study,2010,9,14,,,,,HAWAII,UNITED STATES OF AMERICA,28.033333,1,Minute,-175.783333,1,Minute,1,North Pacific,F,Molecular determination: ZFX/ZFY 5' exonuclease qPCR assay developed at SWFSC.,11/11/10 0:00,,NA,NA,NA,,5/31/12 16:26,Dan Prosperi,9/17/21 8:04
2527,102389,OES100914.06,226595,BIOPSY-SWFSC-HICEAS,BIOPSY (PROJECTILE),NA,NA,NA,JPB,18,C,CETACEA,T tru,Tursiops,truncatus,Bottlenose dolphin,Y,Donator requested that PI request permission to use in study,2010,9,14,,,,,HAWAII,UNITED STATES OF AMERICA,28.033333,1,Minute,-175.783333,1,Minute,1,North Pacific,M,Molecular determination: ZFX/ZFY 5' exonuclease qPCR assay developed at SWFSC.,11/11/10 0:00,,NA,NA,NA,,5/31/12 16:26,Dan Prosperi,9/17/21 8:04
2528,102390,OES100914.07,226596,BIOPSY-SWFSC-HICEAS,BIOPSY (PROJECTILE),NA,NA,NA,JPB,18,C,CETACEA,T tru,Tursiops,truncatus,Bottlenose dolphin,Y,Donator requested that PI request permission to use in study,2010,9,14,,,,,HAWAII,UNITED STATES OF AMERICA,28.033333,1,Minute,-175.783333,1,Minute,1,North Pacific,F,Molecular determination: ZFX/ZFY 5' exonuclease qPCR assay developed at SWFSC.,11/11/10 0:00,,NA,NA,NA,,5/31/12 16:26,Dan Prosperi,9/17/21 8:04
2529,102391,OES100914.08,226597,BIOPSY-SWFSC-HICEAS,BIOPSY (PROJECTILE),NA,NA,NA,JPB,18,C,CETACEA,T tru,Tursiops,truncatus,Bottlenose dolphin,Y,Donator requested that PI request permission to use in study,2010,9,14,,,,,HAWAII,UNITED STATES OF AMERICA,28.033333,1,Minute,-175.783333,1,Minute,1,North Pacific,M,Molecular determination: ZFX/ZFY 5' exonuclease qPCR assay developed at SWFSC.,11/11/10 0:00,,NA,NA,NA,,5/31/12 16:26,Dan Prosperi,9/17/21 8:04
2530,102392,OES100914.09,226598,BIOPSY-SWFSC-HICEAS,BIOPSY (PROJECTILE),NA,NA,NA,JPB,18,C,CETACEA,T tru,Tursiops,truncatus,Bottlenose dolphin,Y,Donator requested that PI request permission to use in study,2010,9,14,,,,,HAWAII,UNITED STATES OF AMERICA,28.033333,1,Minute,-175.783333,1,Minute,1,North Pacific,M,Molecular determination: ZFX/ZFY 5' exonuclease qPCR assay developed at SWFSC.,11/11/10 0:00,,NA,NA,NA,,5/31/12 16:26,Dan Prosperi,9/17/21 8:04
2532,102394,OES100914.11,226600,BIOPSY-SWFSC-HICEAS,BIOPSY (PROJECTILE),NA,NA,NA,JPB,18,C,CETACEA,T tru,Tursiops,truncatus,Bottlenose dolphin,Y,Donator requested that PI request permission to use in study,2010,9,14,,,,,HAWAII,UNITED STATES OF AMERICA,28.033333,1,Minute,-175.783333,1,Minute,1,North Pacific,F,Molecular determination: ZFX/ZFY 5' exonuclease qPCR assay developed at SWFSC.,11/11/10 0:00,,NA,NA,NA,,5/31/12 16:26,Dan Prosperi,9/17/21 8:04
2533,102395,OES100914.12,226601,BIOPSY-SWFSC-HICEAS,BIOPSY (PROJECTILE),NA,NA,NA,JPB,18,C,CETACEA,T tru,Tursiops,truncatus,Bottlenose dolphin,Y,Donator requested that PI request permission to use in study,2010,9,14,,,,,HAWAII,UNITED STATES OF AMERICA,28.033333,1,Minute,-175.783333,1,Minute,1,North Pacific,M,Molecular determination: ZFX/ZFY 5' exonuclease qPCR assay developed at SWFSC.,11/11/10 0:00,,NA,NA,NA,,5/31/12 16:26,Dan Prosperi,9/17/21 8:04
2534,102396,OES100914.13,226602,BIOPSY-SWFSC-HICEAS,BIOPSY (PROJECTILE),NA,NA,NA,JPB,18,C,CETACEA,T tru,Tursiops,truncatus,Bottlenose dolphin,Y,Donator requested that PI request permission to use in study,2010,9,14,,,,,HAWAII,UNITED STATES OF AMERICA,28.033333,1,Minute,-175.783333,1,Minute,1,North Pacific,M,Molecular determination: ZFX/ZFY 5' exonuclease qPCR assay developed at SWFSC.,11/11/10 0:00,,NA,NA,NA,,5/31/12 16:26,Dan Prosperi,9/17/21 8:04
2535,102397,OES100914.14,226603,BIOPSY-SWFSC-HICEAS,BIOPSY (PROJECTILE),NA,NA,NA,JPB,18,C,CETACEA,T tru,Tursiops,truncatus,Bottlenose dolphin,Y,Donator requested that PI request permission to use in study,2010,9,14,,,,,HAWAII,UNITED STATES OF AMERICA,28.033333,1,Minute,-175.783333,1,Minute,1,North Pacific,F,Molecular determination: ZFX/ZFY 5' exonuclease qPCR assay developed at SWFSC.,11/11/10 0:00,,NA,NA,NA,,5/31/12 16:26,Dan Prosperi,9/17/21 8:04
2536,102398,OES100914.15,226604,BIOPSY-SWFSC-HICEAS,BIOPSY (PROJECTILE),NA,NA,NA,JPB,18,C,CETACEA,T tru,Tursiops,truncatus,Bottlenose dolphin,Y,Donator requested that PI request permission to use in study,2010,9,14,,,,,HAWAII,UNITED STATES OF AMERICA,28.033333,1,Minute,-175.783333,1,Minute,1,North Pacific,M,Molecular determination: ZFX/ZFY 5' exonuclease qPCR assay developed at SWFSC.,11/11/10 0:00,,NA,NA,NA,,5/31/12 16:26,Dan Prosperi,9/17/21 8:04
2537,102399,OES100914.16,226605,BIOPSY-SWFSC-HICEAS,BIOPSY (PROJECTILE),NA,NA,NA,JPB,18,C,CETACEA,T tru,Tursiops,truncatus,Bottlenose dolphin,Y,Donator requested that PI request permission to use in study,2010,9,14,,,,,HAWAII,UNITED STATES OF AMERICA,28.033333,1,Minute,-175.783333,1,Minute,1,North Pacific,F,Molecular determination: ZFX/ZFY 5' exonuclease qPCR assay developed at SWFSC.,11/11/10 0:00,,NA,NA,NA,,5/31/12 16:26,Dan Prosperi,9/17/21 8:04
2538,102400,OES100914.17,226606,BIOPSY-SWFSC-HICEAS,BIOPSY (PROJECTILE),NA,NA,NA,JPB,18,C,CETACEA,T tru,Tursiops,truncatus,Bottlenose dolphin,Y,Donator requested that PI request permission to use in study,2010,9,14,,,,,HAWAII,UNITED STATES OF AMERICA,28.033333,1,Minute,-175.783333,1,Minute,1,North Pacific,M,Molecular determination: ZFX/ZFY 5' exonuclease qPCR assay developed at SWFSC.,11/11/10 0:00,,NA,NA,NA,,5/31/12 16:26,Dan Prosperi,9/17/21 8:04
2539,102401,OES100916.01,226607,BIOPSY-SWFSC-HICEAS,BIOPSY (PROJECTILE),NA,NA,NA,JPB,18,C,CETACEA,T tru,Tursiops,truncatus,Bottlenose dolphin,Y,Donator requested that PI request permission to use in study,2010,9,16,,,,,HAWAII,UNITED STATES OF AMERICA,28.216666,1,Minute,-177.266666,1,Minute,1,North Pacific,F,Molecular determination: ZFX/ZFY 5' exonuclease qPCR assay developed at SWFSC.,11/11/10 0:00,,NA,NA,NA,,5/31/12 16:26,Dan Prosperi,9/17/21 8:04
2540,102402,OES100916.02,226608,BIOPSY-SWFSC-HICEAS,BIOPSY (PROJECTILE),NA,NA,NA,JPB,18,C,CETACEA,T tru,Tursiops,truncatus,Bottlenose dolphin,Y,Donator requested that PI request permission to use in study,2010,9,16,,,,,HAWAII,UNITED STATES OF AMERICA,28.216666,1,Minute,-177.266666,1,Minute,1,North Pacific,F,Molecular determination: ZFX/ZFY 5' exonuclease qPCR assay developed at SWFSC.,11/11/10 0:00,,NA,NA,NA,,5/31/12 16:26,Dan Prosperi,9/17/21 8:04
2541,102403,OES100916.03,226609,BIOPSY-SWFSC-HICEAS,BIOPSY (PROJECTILE),NA,NA,NA,JPB,18,C,CETACEA,T tru,Tursiops,truncatus,Bottlenose dolphin,Y,Donator requested that PI request permission to use in study,2010,9,16,,,,,HAWAII,UNITED STATES OF AMERICA,28.216666,1,Minute,-177.266666,1,Minute,1,North Pacific,M,Molecular determination: ZFX/ZFY 5' exonuclease qPCR assay developed at SWFSC.,11/11/10 0:00,,NA,NA,NA,,5/31/12 16:26,Dan Prosperi,9/17/21 8:04
2542,102404,OES100916.04,226610,BIOPSY-SWFSC-HICEAS,BIOPSY (PROJECTILE),NA,NA,NA,JPB,18,C,CETACEA,T tru,Tursiops,truncatus,Bottlenose dolphin,Y,Donator requested that PI request permission to use in study,2010,9,16,,,,,HAWAII,UNITED STATES OF AMERICA,28.216666,1,Minute,-177.266666,1,Minute,1,North Pacific,F,Molecular determination: ZFX/ZFY 5' exonuclease qPCR assay developed at SWFSC.,11/11/10 0:00,,NA,NA,NA,,5/31/12 16:26,Dan Prosperi,9/17/21 8:04
2543,102405,OES100916.05,226611,BIOPSY-SWFSC-HICEAS,BIOPSY (PROJECTILE),NA,NA,NA,JPB,18,C,CETACEA,T tru,Tursiops,truncatus,Bottlenose dolphin,Y,Donator requested that PI request permission to use in study,2010,9,16,,,,,HAWAII,UNITED STATES OF AMERICA,28.216666,1,Minute,-177.266666,1,Minute,1,North Pacific,M,Molecular determination: ZFX/ZFY 5' exonuclease qPCR assay developed at SWFSC.,11/11/10 0:00,,NA,NA,NA,,5/31/12 16:26,Dan Prosperi,9/17/21 8:04
2544,102406,OES100916.06,226612,BIOPSY-SWFSC-HICEAS,BIOPSY (PROJECTILE),NA,NA,NA,JPB,18,C,CETACEA,T tru,Tursiops,truncatus,Bottlenose dolphin,Y,Donator requested that PI request permission to use in study,2010,9,16,,,,,HAWAII,UNITED STATES OF AMERICA,28.216666,1,Minute,-177.266666,1,Minute,1,North Pacific,F,Molecular determination: ZFX/ZFY 5' exonuclease qPCR assay developed at SWFSC.,11/11/10 0:00,,NA,NA,NA,,5/31/12 16:26,Dan Prosperi,9/17/21 8:04
2547,102422,OES100924.01,226628,BIOPSY-SWFSC-HICEAS,BIOPSY (PROJECTILE),NA,NA,NA,JPB,18,C,CETACEA,T tru,Tursiops,truncatus,Bottlenose dolphin,Y,Donator requested that PI request permission to use in study,2010,9,24,,,,,HAWAII,UNITED STATES OF AMERICA,25.166666,1,Minute,-167.933333,1,Minute,1,North Pacific,M,Molecular determination: ZFX/ZFY 5' exonuclease qPCR assay developed at SWFSC.,11/11/10 0:00,,NA,NA,NA,,5/31/12 16:26,Dan Prosperi,9/17/21 8:04
2548,102423,OES100924.02,226629,BIOPSY-SWFSC-HICEAS,BIOPSY (PROJECTILE),NA,NA,NA,JPB,18,C,CETACEA,T tru,Tursiops,truncatus,Bottlenose dolphin,Y,Donator requested that PI request permission to use in study,2010,9,24,,,,,HAWAII,UNITED STATES OF AMERICA,25.166666,1,Minute,-167.933333,1,Minute,1,North Pacific,F,Molecular determination: ZFX/ZFY 5' exonuclease qPCR assay developed at SWFSC.,11/11/10 0:00,,NA,NA,NA,,5/31/12 16:26,Dan Prosperi,9/17/21 8:04
2549,102424,OES100924.03,226630,BIOPSY-SWFSC-HICEAS,BIOPSY (PROJECTILE),NA,NA,NA,JPB,18,C,CETACEA,T tru,Tursiops,truncatus,Bottlenose dolphin,Y,Donator requested that PI request permission to use in study,2010,9,24,,,,,HAWAII,UNITED STATES OF AMERICA,25.166666,1,Minute,-167.933333,1,Minute,1,North Pacific,M,Molecular determination: ZFX/ZFY 5' exonuclease qPCR assay developed at SWFSC.,11/11/10 0:00,,NA,NA,NA,,5/31/12 16:26,Dan Prosperi,9/17/21 8:04
2550,102425,OES100924.04,226631,BIOPSY-SWFSC-HICEAS,BIOPSY (PROJECTILE),NA,NA,NA,JPB,18,C,CETACEA,T tru,Tursiops,truncatus,Bottlenose dolphin,Y,Donator requested that PI request permission to use in study,2010,9,24,,,,,HAWAII,UNITED STATES OF AMERICA,25.166666,1,Minute,-167.933333,1,Minute,1,North Pacific,M,Molecular determination: ZFX/ZFY 5' exonuclease qPCR assay developed at SWFSC.,11/11/10 0:00,,NA,NA,NA,,5/31/12 16:26,Dan Prosperi,9/17/21 8:04
2552,102427,OES100926.02,226633,BIOPSY-SWFSC-HICEAS,BIOPSY (PROJECTILE),NA,NA,NA,JPB,18,C,CETACEA,T tru,Tursiops,truncatus,Bottlenose dolphin,Y,Donator requested that PI request permission to use in study,2010,9,26,,,,,HAWAII,UNITED STATES OF AMERICA,23.216666,1,Minute,-163.133333,1,Minute,1,North Pacific,M,Molecular determination: ZFX/ZFY 5' exonuclease qPCR assay developed at SWFSC.,11/11/10 0:00,,NA,NA,NA,"9/26/2010, sighting#085",5/31/12 16:26,Dan Prosperi,9/17/21 8:04
2553,102428,OES100926.03,226634,BIOPSY-SWFSC-HICEAS,BIOPSY (PROJECTILE),NA,NA,NA,JPB,18,C,CETACEA,T tru,Tursiops,truncatus,Bottlenose dolphin,Y,Donator requested that PI request permission to use in study,2010,9,26,,,,,HAWAII,UNITED STATES OF AMERICA,23.216666,1,Minute,-163.133333,1,Minute,1,North Pacific,M,Molecular determination: ZFX/ZFY 5' exonuclease qPCR assay developed at SWFSC.,11/11/10 0:00,,NA,NA,NA,"9/26/2010, sighting#085",5/31/12 16:26,Dan Prosperi,9/17/21 8:04
2554,102429,OES100926.04,226635,BIOPSY-SWFSC-HICEAS,BIOPSY (PROJECTILE),NA,NA,NA,JPB,18,C,CETACEA,T tru,Tursiops,truncatus,Bottlenose dolphin,Y,Donator requested that PI request permission to use in study,2010,9,26,,,,,HAWAII,UNITED STATES OF AMERICA,23.216666,1,Minute,-163.133333,1,Minute,1,North Pacific,M,Molecular determination: ZFX/ZFY 5' exonuclease qPCR assay developed at SWFSC.,11/11/10 0:00,,NA,NA,NA,"9/26/2010, sighting#085. Same individual as Z102426 & Z102430, confirmed genetically",5/31/12 16:26,Dan Prosperi,9/17/21 8:04
3290,123357,MAC101012.01,232546,BIOPSY-SWFSC-HICEAS,BIOPSY (PROJECTILE),NA,NA,NA,JPB,18,C,CETACEA,T tru,Tursiops,truncatus,Bottlenose dolphin,Y,Donator requested that PI request permission to use in study,2010,10,12,Papahanaumokuakea Marine National Monument,,,,HAWAII,UNITED STATES OF AMERICA,25.7,1,Minute,-169.383333,1,Minute,1,North Pacific,M,Molecular determination: ZFX/ZFY 5' exonuclease qPCR assay developed at SWFSC.,12/23/10 0:00,,NA,NA,NA,,5/31/12 16:27,Dan Prosperi,9/17/21 8:04
3291,123358,MAC101012.02,232547,BIOPSY-SWFSC-HICEAS,BIOPSY (PROJECTILE),NA,NA,NA,JPB,18,C,CETACEA,T tru,Tursiops,truncatus,Bottlenose dolphin,Y,Donator requested that PI request permission to use in study,2010,10,12,Papahanaumokuakea Marine National Monument,,,,HAWAII,UNITED STATES OF AMERICA,25.7,1,Minute,-169.383333,1,Minute,1,North Pacific,M,Molecular determination: ZFX/ZFY 5' exonuclease qPCR assay developed at SWFSC.,12/23/10 0:00,,NA,NA,NA,,5/31/12 16:27,Dan Prosperi,9/17/21 8:04
3292,123359,MAC101012.03,232548,BIOPSY-SWFSC-HICEAS,BIOPSY (PROJECTILE),NA,NA,NA,JPB,18,C,CETACEA,T tru,Tursiops,truncatus,Bottlenose dolphin,Y,Donator requested that PI request permission to use in study,2010,10,12,Papahanaumokuakea Marine National Monument,,,,HAWAII,UNITED STATES OF AMERICA,25.7,1,Minute,-169.35,1,Minute,1,North Pacific,M,Molecular determination: ZFX/ZFY 5' exonuclease qPCR assay developed at SWFSC.,12/23/10 0:00,,NA,NA,NA,,5/31/12 16:27,Dan Prosperi,9/17/21 8:04
3293,123364,MAC101018.04,232553,BIOPSY-SWFSC-HICEAS,BIOPSY (PROJECTILE),NA,NA,NA,JPB,18,C,CETACEA,T tru,Tursiops,truncatus,Bottlenose dolphin,Y,Donator requested that PI request permission to use in study,2010,10,18,Papahanaumokuakea Marine National Monument,,,,HAWAII,UNITED STATES OF AMERICA,23.966666,1,Minute,-165.483333,1,Minute,1,North Pacific,F,Molecular determination: ZFX/ZFY 5' exonuclease qPCR assay developed at SWFSC.,12/23/10 0:00,,NA,NA,NA,,5/31/12 16:27,Dan Prosperi,9/17/21 8:04
3294,123365,MAC101018.05,232554,BIOPSY-SWFSC-HICEAS,BIOPSY (PROJECTILE),NA,NA,NA,JPB,18,C,CETACEA,T tru,Tursiops,truncatus,Bottlenose dolphin,Y,Donator requested that PI request permission to use in study,2010,10,18,Papahanaumokuakea Marine National Monument,,,,HAWAII,UNITED STATES OF AMERICA,23.966666,1,Minute,-165.483333,1,Minute,1,North Pacific,M,Molecular determination: ZFX/ZFY 5' exonuclease qPCR assay developed at SWFSC.,12/23/10 0:00,,NA,NA,NA,,5/31/12 16:27,Dan Prosperi,9/17/21 8:04
3295,123366,MAC101018.06,232555,BIOPSY-SWFSC-HICEAS,BIOPSY (PROJECTILE),NA,NA,NA,JPB,18,C,CETACEA,T tru,Tursiops,truncatus,Bottlenose dolphin,Y,Donator requested that PI request permission to use in study,2010,10,18,Papahanaumokuakea Marine National Monument,,,,HAWAII,UNITED STATES OF AMERICA,23.966666,1,Minute,-165.483333,1,Minute,1,North Pacific,F,Molecular determination: ZFX/ZFY 5' exonuclease qPCR assay developed at SWFSC.,12/23/10 0:00,,NA,NA,NA,,5/31/12 16:27,Dan Prosperi,9/17/21 8:04
3296,123372,MAC101023.01,232561,BIOPSY-SWFSC-HICEAS,BIOPSY (PROJECTILE),NA,NA,NA,JPB,18,C,CETACEA,T tru,Tursiops,truncatus,Bottlenose dolphin,Y,Donator requested that PI request permission to use in study,2010,10,23,Papahanaumokuakea Marine National Monument,,,,HAWAII,UNITED STATES OF AMERICA,22.75,1,Minute,-161.083333,1,Minute,1,North Pacific,F,Molecular determination: ZFX/ZFY 5' exonuclease qPCR assay developed at SWFSC.,12/23/10 0:00,,NA,NA,NA,,5/31/12 16:27,Dan Prosperi,9/17/21 8:04
3297,123373,MAC101023.02,232562,BIOPSY-SWFSC-HICEAS,BIOPSY (PROJECTILE),NA,NA,NA,JPB,18,C,CETACEA,T tru,Tursiops,truncatus,Bottlenose dolphin,Y,Donator requested that PI request permission to use in study,2010,10,23,Papahanaumokuakea Marine National Monument,,,,HAWAII,UNITED STATES OF AMERICA,22.75,1,Minute,-161.083333,1,Minute,1,North Pacific,F,Molecular determination: ZFX/ZFY 5' exonuclease qPCR assay developed at SWFSC.,12/23/10 0:00,,NA,NA,NA,,5/31/12 16:27,Dan Prosperi,9/17/21 8:04
3298,123374,MAC101023.03,232563,BIOPSY-SWFSC-HICEAS,BIOPSY (PROJECTILE),NA,NA,NA,JPB,18,C,CETACEA,T tru,Tursiops,truncatus,Bottlenose dolphin,Y,Donator requested that PI request permission to use in study,2010,10,23,Papahanaumokuakea Marine National Monument,,,,HAWAII,UNITED STATES OF AMERICA,22.75,1,Minute,-161.083333,1,Minute,1,North Pacific,F,Molecular determination: ZFX/ZFY 5' exonuclease qPCR assay developed at SWFSC.,12/23/10 0:00,,NA,NA,NA,,5/31/12 16:27,Dan Prosperi,9/17/21 8:04
3300,123376,MAC101023.05,232565,BIOPSY-SWFSC-HICEAS,BIOPSY (PROJECTILE),NA,NA,NA,JPB,18,C,CETACEA,T tru,Tursiops,truncatus,Bottlenose dolphin,Y,Donator requested that PI request permission to use in study,2010,10,23,,,,,HAWAII,UNITED STATES OF AMERICA,22.683333,1,Minute,-161,1,Minute,1,North Pacific,M,Molecular determination: ZFX/ZFY 5' exonuclease qPCR assay developed at SWFSC.,12/23/10 0:00,,NA,NA,NA,,5/31/12 16:27,Dan Prosperi,9/17/21 8:04
3301,123377,MAC101023.06,232566,BIOPSY-SWFSC-HICEAS,BIOPSY (PROJECTILE),NA,NA,NA,JPB,18,C,CETACEA,T tru,Tursiops,truncatus,Bottlenose dolphin,Y,Donator requested that PI request permission to use in study,2010,10,23,,,,,HAWAII,UNITED STATES OF AMERICA,22.683333,1,Minute,-161,1,Minute,1,North Pacific,F,Molecular determination: ZFX/ZFY 5' exonuclease qPCR assay developed at SWFSC.,12/23/10 0:00,,NA,NA,NA,,5/31/12 16:27,Dan Prosperi,9/17/21 8:04
3302,123380,MAC101123.01,232569,BIOPSY-SWFSC-HICEAS,BIOPSY (PROJECTILE),NA,NA,NA,JPB,18,C,CETACEA,T tru,Tursiops,truncatus,Bottlenose dolphin,Y,Donator requested that PI request permission to use in study,2010,11,23,Papahanaumokuakea Marine National Monument,,,,HAWAII,UNITED STATES OF AMERICA,24.083333,1,Minute,-166.633333,1,Minute,1,North Pacific,M,Molecular determination: ZFX/ZFY 5' exonuclease qPCR assay developed at SWFSC.,12/23/10 0:00,,NA,NA,NA,,5/31/12 16:27,Dan Prosperi,9/17/21 8:04
2223,67596,LL2397,217549,FISHERY-HILL-PIRO,BY-CATCH,NA,NA,NA,SJC,18,C,CETACEA,T tru,Tursiops,truncatus,Bottlenose dolphin,N,,2007,3,26,NORTH OF THE ISLANDS,,,,HAWAII,UNITED STATES OF AMERICA,30.6,1,Minute,-159.666666,1,Minute,1,North Pacific,F,Molecular determination: ZFX/ZFY 5' exonuclease qPCR assay developed at SWFSC.,7/23/07 0:00,,NA,NA,NA,,5/31/12 16:16,Dan Prosperi,9/17/21 8:04
961,2623,WFP0750,184017,FISHERY-PHILIPPINES-PERRI,BY-CATCH,NA,NA,NA,WFP,18,C,CETACEA,T tru,Tursiops,truncatus,Bottlenose dolphin,Y,Donator requested that PI request permission to use in study,1994,4,20,,,,,,PHILIPPINES,NA,NA,,NA,NA,,1,North Pacific,M,Field determination: external exam only; live animal or carcass was examined but not dissected.,,,NA,NA,NA,,5/31/12 15:58,Dan Prosperi,9/17/21 8:04
962,5562,HAB0028-94,186671,FISHERY-PHILIPPINES-SUML,BY-CATCH,NA,NA,NA,WFP,18,C,CETACEA,T tru,Tursiops,truncatus,Bottlenose dolphin,Y,Donator requested that PI request permission to use in study,1994,7,NA,"SAITON, MALABUHAN",,,,,PHILIPPINES,NA,NA,,NA,NA,,1,North Pacific,F,Field determination: external exam only; live animal or carcass was examined but not dissected.,,,NA,NA,NA,,5/31/12 15:59,Dan Prosperi,9/17/21 8:04
3931,13843,SK-99-1,192126,FORENSICS-KOREAN MARKET,MARKET,NA,NA,NA,RLB,18,C,CETACEA,T tru,Tursiops,truncatus,Bottlenose dolphin,Y,Donator requested that PI request permission to use in study,1999,NA,NA,,,,,,,NA,NA,,NA,NA,,9,Unknown,M,Molecular determination: ZFX/ZFY 5' exonuclease qPCR assay developed at SWFSC.,,,NA,NA,NA,,5/31/12 16:01,Dan Prosperi,9/17/21 8:04
2888,107859,RWB2012MAY14.01,229637,SLOUGHED-CASCADIA-BAIRD,NON-INVASIVE SAMPLING,NA,NA,NA,ARC,18,C,CETACEA,T tru,Tursiops,truncatus,Bottlenose dolphin,Y,Donator requested that PI request permission to use in study,2012,5,14,,,,,HAWAII,UNITED STATES OF AMERICA,20.083333,1,Minute,-156,1,Minute,1,North Pacific,F,Molecular determination: ZFX/ZFY 5' exonuclease qPCR assay developed at SWFSC.,6/11/12 0:00,,NA,NA,NA,,6/11/12 12:27,Dan Prosperi,9/17/21 8:04
1061,9538,SU9703,189462,STRAND-TAIWAN-CHOU,STRANDING,NA,NA,NA,SJC,18,C,CETACEA,T tru,Tursiops,truncatus,Bottlenose dolphin,N,,NA,NA,NA,,,,,,"TAIWAN, PROVINCE OF CHINA",NA,NA,,NA,NA,,1,North Pacific,F,Molecular determination: ZFX/ZFY 5' exonuclease qPCR assay developed at SWFSC.,,,NA,NA,NA,,5/31/12 16:00,Dan Prosperi,9/17/21 8:04
1062,9539,SU9605,189463,STRAND-TAIWAN-CHOU,STRANDING,NA,NA,NA,SJC,18,C,CETACEA,T tru,Tursiops,truncatus,Bottlenose dolphin,N,,NA,NA,NA,,,,,,"TAIWAN, PROVINCE OF CHINA",NA,NA,,NA,NA,,1,North Pacific,F,Molecular determination: ZFX/ZFY 5' exonuclease qPCR assay developed at SWFSC.,,,NA,NA,NA,,5/31/12 16:00,Dan Prosperi,9/17/21 8:04
1064,9541,SU9702,189465,STRAND-TAIWAN-CHOU,STRANDING,NA,NA,NA,SJC,18,C,CETACEA,T tru,Tursiops,truncatus,Bottlenose dolphin,N,,NA,NA,NA,,,,,,"TAIWAN, PROVINCE OF CHINA",NA,NA,,NA,NA,,1,North Pacific,F,Molecular determination: ZFX/ZFY 5' exonuclease qPCR assay developed at SWFSC.,,,NA,NA,NA,,5/31/12 16:00,Dan Prosperi,9/17/21 8:04